group_id,product_id,product_name,variant
107,67d8360a59d8fd4b8a5d444b,"Laptop Asus Vivobook Go 15 E1504FA R5 7520U/16GB/512GB/Chuột/Win11 (NJ776W)",NULL
108,67d8360a59d8fd4b8a5d444c,"Laptop HP 15 fc0085AU R5 7430U/16GB/512GB/Win11 (A6VV8PA)",NULL
109,67d8360b59d8fd4b8a5d444d,"Laptop Dell Inspiron 15 3520 i5 1235U/16GB/512GB/120Hz/OfficeHS/Win11 (N5I5057W1)",NULL
110,67d8360b59d8fd4b8a5d444e,"Laptop MacBook Air 13 inch M1 8GB/256GB (MGN63SA/A)",NULL
111,67d8360b59d8fd4b8a5d444f,"Laptop Lenovo Ideapad Slim 3 15IAH8 i5 12450H/16GB/512GB/Win11 (83ER000EVN)",NULL
112,67d8360c59d8fd4b8a5d4450,"Laptop Acer Nitro V 15 ANV15 41 R2UP R5 6600H/16GB/512GB/4GB RTX2050/165Hz/Win11 (NH.QPGSV.004)",NULL
113,67d8360c59d8fd4b8a5d4451,"Laptop HP 15 fd0234TU i5 1334U/16GB/512GB/Win11 (9Q969PA)",NULL
114,67d8360d59d8fd4b8a5d4452,"Laptop Asus Vivobook 15 X1504ZA i5 1235U/16GB/512GB/Win11 (NJ1608W)",NULL
115,67d8360d59d8fd4b8a5d4453,"Laptop Lenovo Gaming LOQ Essential 15IAX9E i5 12450HX/16GB/512GB/4GB RTX2050/144Hz/Win11 (83LK000BVN)",NULL
116,67d8360d59d8fd4b8a5d4454,"Laptop Acer Nitro V 15 ANV15 41 R1JY R5 6600H/16GB/512GB/6GB RTX3050/165Hz/Win11 (NH.QPFSV.001)",NULL
117,67d8360e59d8fd4b8a5d4455,"Laptop HP 15 fd0303TU i3 1315U/8GB/512GB/Win11 (A2NL4PA)",NULL
118,67d8360e59d8fd4b8a5d4456,"Laptop Dell Inspiron 15 3520 i5 1235U/16GB/512GB/120Hz/OfficeHS/KYHD/Win11",NULL
119,67d8360e59d8fd4b8a5d4457,"Laptop Asus Vivobook 15 X1504ZA i3 1215U/8GB/512GB/Win11 (NJ102W)",NULL
120,67d8360f59d8fd4b8a5d4458,"Laptop Lenovo Ideapad Slim 3 15AMN8 R5 7520U/16GB/512GB/Win11 (82XQ00J0VN)",NULL
121,67d8360f59d8fd4b8a5d4459,"Laptop Acer Aspire 16 AI A16 71M 59L5 Ultra 5 125H/16GB/512GB/Win11 (NX.J4YSV.001)",NULL
122,67d8360f59d8fd4b8a5d445a,"Laptop MacBook Air 13 inch M2 16GB/256GB",NULL
123,67d8360f59d8fd4b8a5d445b,"Laptop Asus Vivobook 15 OLED A1505ZA i5 12500H/16GB/512GB/120Hz/Win11 (MA415W)",NULL
124,67d8361059d8fd4b8a5d445c,"Laptop HP 240 G9 i5 1235U/16GB/512GB/Win11 (AG2J7AT)",NULL
125,67d8361059d8fd4b8a5d445d,"Laptop Lenovo Ideapad Slim 5 14IAH8 i5 12450H/16GB/1TB/Win11 (83BF003WVN)",NULL
126,67d8361059d8fd4b8a5d445e,"Laptop Acer Aspire 16 AI A16 71M 71U7 Ultra 7 155H/16GB/512GB/Win11 (NX.J4YSV.002)",NULL
127,67d8361159d8fd4b8a5d445f,"Laptop Acer Aspire 7 A715 76 53PJ i5 12450H/16GB/512GB/Win11 (NH.QGESV.007)",NULL
128,67d8361159d8fd4b8a5d4460,"Laptop Asus Vivobook X1404ZA i5 1235U/16GB/512GB/Win11 (NK376W)",NULL
129,67d8361159d8fd4b8a5d4461,"Laptop Dell Inspiron 15 3520 i5 1235U/16GB/512GB/120Hz/OfficeHS/Win11 (N3520-i5U165W11BLU-FP)",NULL
130,67d8361159d8fd4b8a5d4462,"Laptop HP 245 G10 R5 7530U/8GB/512GB/Win11 (A20TDPT)",NULL
131,67d8361259d8fd4b8a5d4463,"Laptop Acer Aspire Lite 14 51M 36PN i3 1215U/8GB/512GB/Win11 (NX.KTWSV.001)",NULL
132,67d8361259d8fd4b8a5d4464,"Laptop Lenovo Gaming LOQ 15IAX9 i5 12450HX/16GB/512GB/6GB RTX3050/144Hz/Win11 (83GS000JVN)",NULL
133,67d8361259d8fd4b8a5d4465,"Laptop HP 240 G9 i3 1215U/8GB/512GB/Win11 (AG2J5AT)",NULL
134,67d8361359d8fd4b8a5d4466,"Laptop Acer Aspire 3 A314 42P R3B3 R7 5700U/16GB/512GB/Win11 (NX.KSFSV.001)",NULL
135,67d8361359d8fd4b8a5d4467,"Laptop Acer Aspire Lite 14 51M 36MH i3 1215U/8GB/256GB/Win11 (NX.KTVSV.001)",NULL
136,67d8361359d8fd4b8a5d4468,"Laptop Asus Vivobook X1404ZA i3 1215U/8GB/512GB/Win11 (NK246W)",NULL
137,67d8361459d8fd4b8a5d4469,"Laptop Lenovo Gaming LOQ 15IAX9 i5 12450HX/24GB/512GB/6GB RTX3050/144Hz/Win11 (83GS00D9VN)",NULL
138,67d8361459d8fd4b8a5d446a,"Laptop MSI Gaming Thin 15 B12UCX i5 12450H/16GB/512GB/4GB RTX2050/144Hz/Balo/Win11 (2046VN)",NULL
139,67d8361459d8fd4b8a5d446b,"Laptop HP Pavilion 15 eg3093TU i5 1335U/16GB/512GB/Win11 (8C5L4PA)",NULL
140,67d8361559d8fd4b8a5d446c,"Laptop Dell Inspiron 15 3520 i7 1255U/16GB/512GB/120Hz/OfficeHS/KYHD/Win11 (N5I7125W1)",NULL
141,67d8361559d8fd4b8a5d446d,"Laptop Acer Aspire 3 A315 44P R9W8 R7 5700U/8GB/512GB/Win11 (NX.KSJSV.002)",NULL
142,67d8361559d8fd4b8a5d446e,"Laptop Acer Gaming Aspire 5 A515 58GM 51LB i5 13420H/16GB/512GB/4GB RTX2050/Win11 (NX.KQ4SV.002)",NULL
143,67d8361659d8fd4b8a5d446f,"Laptop Asus Gaming Vivobook K3605ZF i5 12500H/16GB/512GB/4GB RTX2050/Win11 (RP745W)",NULL
144,67d8361659d8fd4b8a5d4470,"Laptop Lenovo Ideapad Slim 3 15IRH8 i7 13620H/16GB/1TB/Win11 (83EM003FVN)",NULL
145,67d8361759d8fd4b8a5d4471,"Laptop MSI Gaming GF63 Thin 12VE i5 12450H/16GB/512GB/6GB RTX4050/144Hz/Win11 (460VN)",NULL
146,67d8361859d8fd4b8a5d4472,"Laptop Dell Inspiron 15 3520 i5 1235U/16GB/512GB/120Hz/OfficeHS/Win11 (N5I5052W1)",NULL
147,67d8361859d8fd4b8a5d4473,"Laptop Acer Aspire Lite 14 51M 59BN i5 1235U/16GB/512GB/Win11 (NX.KTXSV.001)",NULL
148,67d8361859d8fd4b8a5d4474,"Laptop Asus Gaming Vivobook K3605ZC i5 12500H/16GB/512GB/4GB RTX3050/Win11 (RP629W)",NULL
149,67d8361959d8fd4b8a5d4475,"Laptop Acer Aspire 5 A515 58P 34RJ i3 1315U/8GB/512GB/Win11 (NX.KHJSV.003)",NULL
150,67d8361959d8fd4b8a5d4476,"Laptop Asus TUF Gaming F15 FX507ZC4 i5 12500H/16GB/512GB/4GB RTX3050/144Hz/Win11 (HN330W)",NULL
151,67d8361959d8fd4b8a5d4477,"Laptop MSI Gaming Thin 15 B12UC i5 12450H/16GB/512GB/4GB RTX3050/144Hz/Balo/Win11 (2045VN)",NULL
152,67d8361a59d8fd4b8a5d4478,"Laptop Lenovo Ideapad 1 15ALC7 R7 5700U/16GB/512GB/Win11 (82R400C1VN)",NULL
153,67d8361a59d8fd4b8a5d4479,"Laptop HP Gaming VICTUS 15 fb1022AX R5 7535HS/16GB/512GB/4GB RTX2050/144Hz/Win11 (94F19PA)",NULL
154,67d8361a59d8fd4b8a5d447a,"Laptop HP 15 fd0015TU i7 1355U/16GB/512GB/Win11 (A19C5PA)",NULL
155,67d8361b59d8fd4b8a5d447b,"Laptop Dell Latitude 3440 i5 1235U/16GB/512GB/Win11 (L3440-I51235U-16G512G)",NULL
156,67d8361b59d8fd4b8a5d447c,"Laptop Asus Vivobook 15 X1504ZA i5 1235U/16GB/512GB/Win11 (NJ1546W)",NULL
157,67d8361b59d8fd4b8a5d447d,"Laptop MSI Modern 15 B12MO i5 1235U/16GB/512GB/Win11 (628VN)",NULL
158,67d8361b59d8fd4b8a5d447e,"Laptop Asus Zenbook 14 OLED UX3402VA i5 13500H/16GB/512GB/90Hz/Win11 (KM657W)",NULL
159,67d8361c59d8fd4b8a5d447f,"Laptop Acer Gaming Aspire 5 A515 58GM 53PZ i5 13420H/8GB/512GB/4GB RTX2050/Win11 (NX.KQ4SV.008)",NULL
160,67d8361c59d8fd4b8a5d4480,"Laptop MacBook Air 13 inch M3 16GB/512GB (MXCV3SA/A)",NULL
161,67d8361d59d8fd4b8a5d4481,"Laptop Acer Aspire 5 A515 58M 56YX i5 13420H/16GB/512GB/Win11 (NX.KQ8SV.005)",NULL
162,67d8361d59d8fd4b8a5d4482,"Laptop Lenovo Ideapad Slim 5 15IRU9 Core 5 120U/16GB/512GB/Win11 (83D0000EVN)",NULL
163,67d8361d59d8fd4b8a5d4483,"Laptop HP Gaming VICTUS 15 fa1139TX i5 12450H/16GB/512GB/4GB RTX2050/144Hz/Win11 (8Y6W3PA)",NULL
164,67d8361d59d8fd4b8a5d4484,"Laptop Dell Inspiron 15 3520 i5 1235U/8GB/512GB/120Hz/OfficeHS/Win11 (N3520-i5U085W11SLU)",NULL
165,67d8361e59d8fd4b8a5d4485,"Laptop Asus TUF Gaming A15 FA506NFR R7 7435HS/16GB/512GB/4GB RTX2050/144Hz/Win11 (HN113W)",NULL
166,67d8361e59d8fd4b8a5d4486,"Laptop HP 240 G10 i5 1335U/16GB/512GB/Win11 (9H2E4PT)",NULL
167,67d8361e59d8fd4b8a5d4487,"Laptop Asus Vivobook 15 OLED A1505VA i5 13500H/16GB/512GB/Chuột/Win11 (L1341W)",NULL
168,67d8361f59d8fd4b8a5d4488,"Laptop Acer Predator Helios Neo PHN16 71 53M7 i5 13500HX/16GB/512GB/8GB RTX4060/165Hz/Win11 (NH.QLUSV.005)",NULL
169,67d8361f59d8fd4b8a5d4489,"Laptop MSI Thin 15 B13UC i7 13620H/32GB/512GB/4GB RTX3050/144Hz/Balo/Win11 (1411VN)",NULL
170,67d8361f59d8fd4b8a5d448a,"Laptop Lenovo Gaming LOQ 15ARP9 R7 7435HS/24GB/512GB/6GB RTX4050/144Hz/Win11 (83JC0040VN)",NULL
171,67d8362059d8fd4b8a5d448b,"Laptop Lenovo Ideapad Slim 3 16IRH10 i5 13420H/24GB/512GB/Win11 (83K20003VN)",NULL
172,67d8362059d8fd4b8a5d448c,"Laptop Lenovo IdeaPad Slim 3 15IRH10 i5 13420H/16GB/512GB/Win11 (83K1000HVN)",NULL
173,67d8362059d8fd4b8a5d448d,"Laptop Acer Aspire Lite 16 G2 AL16 52P 572A i5 1334U/16GB/512GB/Win11 (NX.J2SSV.004)",NULL
174,67d8362059d8fd4b8a5d448e,"Laptop Asus TUF Gaming A15 FA506NCR R7 7435HS/16GB/512GB/4GB RTX3050/144Hz/Win11 (HN097W)",NULL
175,67d8362159d8fd4b8a5d448f,"Laptop HP Pavilion X360 14 ek2024TU Core 5 120U/16GB/512GB/Touch/Pen/Win11 (9Z2V6PA)",NULL
176,67d8362159d8fd4b8a5d4490,"Laptop HP 240 G8 i3 1115G4/8GB/512GB/Win11 (6L1A2PA)",NULL
177,67d8362159d8fd4b8a5d4491,"Laptop Acer Aspire Lite AL16 51P 596H i5 1235U/8GB/512GB/Win11 (NX.KWZSV.002)",NULL
178,67d8362159d8fd4b8a5d4492,"Laptop Asus Gaming TUF A15 FA507NUR R7 7435HS/16GB/512GB/6GB RTX4050/144Hz/Win11 (LP057W)",NULL
179,67d8362259d8fd4b8a5d4493,"Laptop Dell Vostro 3530 i5 1335U/16GB/512GB/120Hz/OfficeHS/Win11 (80GG93)",NULL
180,67d8362259d8fd4b8a5d4494,"Laptop MSI Gaming Katana 15 B13UDXK i7 13620H/16GB/1TB/6GB RTX3050/144Hz/Balo/Win11 (2077VN)",NULL
181,67d8362259d8fd4b8a5d4495,"Laptop Lenovo V14 G4 i7 1355U/16GB/512GB/Win11 (83A00012VN)",NULL
182,67d8362359d8fd4b8a5d4496,"Laptop GIGABYTE G5 MF5 RC555 i5 13500H/16GB/512GB/6GB RTX4050/144Hz/Win11 (9RC55MF5FEIAA1VN0C0)",NULL
183,67d8362359d8fd4b8a5d4497,"Laptop Asus Vivobook 16 X1605VA i5 1335U/16GB/512GB/Win11 (MB360W)",NULL
184,67d8362459d8fd4b8a5d4498,"Laptop Dell Inspiron 15 3530 i7 1355U/16GB/512GB/120Hz/OfficeHS/Win11 (71043888)",NULL
185,67d8362459d8fd4b8a5d4499,"Laptop Acer Aspire 3 A315 59 5283 i5 1235U/8GB/512GB/Win11 (NX.K6TSV.00B)",NULL
186,67d8362559d8fd4b8a5d449a,"Laptop HP Pavilion 15 eg3091TU i7 1355U/16GB/512GB/Win11 (8C5L2PA)",NULL
187,67d8362559d8fd4b8a5d449b,"Laptop Asus Vivobook 15 OLED A1505VA i5 13500H/16GB/512GB/120Hz/Win11 (MA467W)",NULL
188,67d8362559d8fd4b8a5d449c,"Laptop HP 15 fd1063TU Ultra 5 125H/16GB/512GB/Win11 (9Z2Y1PA)",NULL
189,67d8362659d8fd4b8a5d449d,"Laptop Lenovo IdeaPad Slim 3 15IRH10 i7 13620H/24GB/512GB/Win11 (83K1000FVN)",NULL
190,67d8362659d8fd4b8a5d449e,"Laptop Asus Zenbook 14 OLED UX3405MA Ultra 5 125H/16GB/512GB/Túi/Win11",NULL
191,67d8362659d8fd4b8a5d449f,"Laptop MSI Gaming Cyborg 15 A13VEK i7 13620H/16GB/512GB/6GB RTX4050/144Hz/Balo/Win11 (1423VN)",NULL
192,67d8362759d8fd4b8a5d44a0,"Laptop Lenovo Gaming LOQ 15IAX9 i5 12450HX/24GB/512GB/4GB RTX2050/144Hz/Win11 (83GS00DBVN)",NULL
193,67d8362759d8fd4b8a5d44a1,"Laptop HP Pavilion 15 eg2088TU i7 1260P/16GB/512GB/Win11 (7C0R0PA)",NULL
194,67d8362859d8fd4b8a5d44a2,"Laptop Acer Aspire Lite AL14 52M 54CJ i5 1334U/16GB/512GB/Win11 (NX.J39SV.002)",NULL
195,67d8362859d8fd4b8a5d44a3,"Laptop Dell Inspiron 15 3530 i5 1334U/16GB/512GB/120Hz/OfficeHS/Win11 (N3530-i5U165W11SLU)",NULL
196,67d8362959d8fd4b8a5d44a4,"Laptop Asus Vivobook 14 X1404VA i5 1335U/16GB/512GB/Win11 (NK050W)",NULL
197,67d8362c59d8fd4b8a5d44a5,"Laptop Acer Gaming Aspire 7 A715 76G 5806 i5 12450H/16GB/512GB/4GB RTX3050/144Hz/Win11 (NH.QMFSV.002)",NULL
198,67d8362d59d8fd4b8a5d44a6,"Laptop HP Pavilion 15 eg2081TU i5 1240P/16GB/512GB/Win11 (7C0Q4PA)",NULL
199,67d8362d59d8fd4b8a5d44a7,"Laptop Asus TUF Gaming F15 FX507VV i7 13620H/16GB/512GB/8GB RTX4060/15.6"F/144Hz/Win11 (LP151W)",NULL
200,67d8362f59d8fd4b8a5d44a8,"Laptop HP 240 G9 i5 1235U/16GB/512GB/Win11 (9T2G2PT)",NULL
201,67d8363059d8fd4b8a5d44a9,"Laptop Acer Gaming Nitro AN515 58 773Y i7 12700H/16GB/512GB/4GB RTX3050Ti/144Hz/Win11 (NH.QFKSV.001.16G)",NULL
202,67d8363059d8fd4b8a5d44aa,"Laptop Lenovo ThinkBook 14 G6 i7 1355U/16GB/512GB/Win11 (21KG00BQVN)",NULL
203,67d8363159d8fd4b8a5d44ab,"Laptop MSI Gaming GF63 Thin 12VE i5 12450H/8GB/512GB/6GB RTX4050/144Hz/Win11 (460VN)",NULL
204,67d8363159d8fd4b8a5d44ac,"Laptop Asus Zenbook 14 UX3405CA Ultra 5 225H/16GB/512GB/120Hz/Touch/OfficeHS24+365/Win11 (PZ187WS)",NULL
205,67d8363259d8fd4b8a5d44ad,"Laptop Dell Vostro 3520 i5 1235U/16GB/512GB/120Hz/OfficeHS/Win11 (71030559)",NULL
206,67d8363259d8fd4b8a5d44ae,"Laptop Acer Swift Go 14 41 R251 R5 7430U/16GB/1TB/Win11 (NX.KG3SV.005)",NULL
207,67d8363359d8fd4b8a5d44af,"Laptop Asus TUF Gaming A15 FA507NVR R7 7435HS/16GB/512GB/8GB RTX4060/144Hz/Win11 (LP007W)",NULL
208,67d8363359d8fd4b8a5d44b0,"Laptop Dell Inspiron 15 3520 i7 1255U/16GB/512GB/120Hz/OfficeHS/Win11 (N3520-i7U165W11BLU-FP)",NULL
209,67d8363359d8fd4b8a5d44b1,"Laptop Asus Vivobook 15 OLED A1505VA i9 13900H/16GB/512GB/120Hz/OfficeHS/Win11 (MA586WS)",NULL
210,67d8363359d8fd4b8a5d44b2,"Laptop HP 240 G9 i3 1215U/8GB/512GB/Win11 (6L1X8PA)",NULL
211,67d8363459d8fd4b8a5d44b3,"Laptop MacBook Air 13 inch M2 16GB/512GB/10GPU",NULL
212,67d8363459d8fd4b8a5d44b4,"Laptop Asus TUF Gaming F15 FX507ZC4 i7 12700H/16GB/512GB/4GB RTX3050/144Hz/Win11 (HNi7MW)",NULL
213,67d8363459d8fd4b8a5d44b5,"Laptop HP 240 G9 i5 1235U/8GB/512GB/Win11 (6L1Y2PA)",NULL
214,67d8363559d8fd4b8a5d44b6,"Laptop MSI Gaming Thin 15 B13UCX i5 13420H/16GB/512GB/4GB RTX2050/144Hz/Balo/Win11 (2080VN)",NULL
215,67d8363559d8fd4b8a5d44b7,"Laptop Lenovo IdeaPad Slim 5 14IMH9 Ultra 7 155H/32GB/1TB/Win11 (83DA0020VN)",NULL
216,67d8363559d8fd4b8a5d44b8,"Laptop Acer Gaming Nitro V ANV15 51 58AN i5 13420H/8GB/512GB/4GB RTX2050/144Hz/Win11 (NH.QNASV.001)",NULL
217,67d8363559d8fd4b8a5d44b9,"Laptop Lenovo IdeaPad 5 2in1 14IRH9 i5 13420H/16GB/512GB/Touch/Pen/Win11 (83KX003WVN)",NULL
218,67d8363659d8fd4b8a5d44ba,"Laptop Dell Inspiron 15 3530 i5 1334U/16GB/512GB/120Hz/OfficeHS/KYHD/Win11 (71043885)",NULL
219,67d8363659d8fd4b8a5d44bb,"Laptop Dell Inspiron 15 3530 i5 1334U/16GB/512GB/120Hz/OfficeHS/Win11 (N5I5340W1)",NULL
220,67d8363759d8fd4b8a5d44bc,"Laptop Asus Vivobook S 14 OLED S5406MA Ultra 5 125H/16GB/1TB/120Hz/Win11 (PP136W)",NULL
221,67d8363759d8fd4b8a5d44bd,"Laptop HP Pavilion X360 14 ek2027TU Core 7 150U/16GB/512GB/Touch/Pen/Win11 (9Z2V9PA)",NULL
222,67d8363759d8fd4b8a5d44be,"Laptop HP 15s fq5147TU i7 1255U/8GB/512GB/Win11 (7C133PA)",NULL
223,67d8363759d8fd4b8a5d44bf,"Laptop GIGABYTE G5 MF5 RC555 i7 13620H/16GB/512GB/6GB RTX4050/144Hz/Win11 (9RC55MF5FJIINIVN000)",NULL
224,67d8363859d8fd4b8a5d44c0,"Laptop MSI Gaming GF63 Thin 12UC i7 12650H/8GB/512GB/4GB RTX3050/144Hz/Win11 (887VN)",NULL
225,67d8363859d8fd4b8a5d44c1,"Laptop Acer Aspire 5 A514 56P 54TN i5 1335U/8GB/512GB/Win11 (NX.KHRSV.004)",NULL
226,67d8363859d8fd4b8a5d44c2,"Laptop MSI Modern 14 C13M i5 1335U/16GB/512GB/Win11 (611VN)",NULL
227,67d8363959d8fd4b8a5d44c3,"Laptop Asus Zenbook A14 UX3407QA X1 26 100/16GB/512GB/OfficeHS24+365/Win11 (QD299WS)",NULL
228,67d8363959d8fd4b8a5d44c4,"Laptop MSI Modern 15 F13MG i5 1335U/16GB/512GB/Túi/Win11 (082VN)",NULL
229,67d8363959d8fd4b8a5d44c5,"Laptop Acer Aspire Lite 16 G2 AL16 52P 76DU i7 1355U/16GB/512GB/Win11 (NX.J2SSV.005)",NULL
230,67d8363a59d8fd4b8a5d44c6,"Laptop Acer Gaming Nitro 5 Tiger AN515 58 52SP i5 12500H/8GB/512GB/4GB RTX3050/144Hz/Win11 (NH.QFHSV.001)",NULL
231,67d8363a59d8fd4b8a5d44c7,"Laptop Asus Gaming Vivobook K3605ZU i5 12500H/16GB/512GB/6GB RTX4050/144Hz/Win11 (RP296W)",NULL
232,67d8363a59d8fd4b8a5d44c8,"Laptop Lenovo ThinkBook 16 G6 i5 13420H/16GB/512GB/Win11 (21KH00Q0VN)",NULL
233,67d8363b59d8fd4b8a5d44c9,"Laptop MSI Gaming Katana 15 B13VFK i7 13620H/16GB/1TB/8GB RTX4060/144Hz/Balo/Win11 (676VN)",NULL
234,67d8363b59d8fd4b8a5d44ca,"Laptop Dell Vostro 15 3520 i5 1235U/16GB/512GB/120Hz/OfficeHS/Win11 (V3520-i5U165W11GRU)",NULL
235,67d8363c59d8fd4b8a5d44cb,"Laptop Lenovo ThinkPad E14 Gen 6 Ultra 5 125U/32GB/1TB/Win11 (21M7004LVN)",NULL
236,67d8363c59d8fd4b8a5d44cc,"Laptop HP Pavilion 15 eg2082TU i5 1240P/8GB/512GB/Win11 (7C0Q5PA)",NULL
237,67d8363c59d8fd4b8a5d44cd,"Laptop HP Elitebook 630 G10 i5 1335U/16GB/512GB/Win11 (9J0B4PT)",NULL
238,67d8363d59d8fd4b8a5d44ce,"Laptop HP Probook 450 G10 i5 1335U/16GB/512GB/Win11 (873D1PA)",NULL
239,67d8363d59d8fd4b8a5d44cf,"Laptop Lenovo Ideapad Slim 5 14IMH9 Ultra 7 155H/32GB/512GB/Win11 (83DA001YVN)",NULL
240,67d8363e59d8fd4b8a5d44d0,"Laptop Dell Inspiron 15 3520 i7 1255U/16GB/512GB/120Hz/OfficeHS/Win11 (71053682)",NULL
241,67d8363e59d8fd4b8a5d44d1,"Laptop Dell Inspiron 15 3520 i7 1255U/16GB/512GB/120Hz/OfficeHS/KYHD/Win11 (25P2315)",NULL
242,67d8363e59d8fd4b8a5d44d2,"Laptop Dell Vostro 15 3520 i5 1235U/8GB/512GB/120Hz/OfficeHS/Win11 (5M2TT2)",NULL
243,67d8363e59d8fd4b8a5d44d3,"Laptop HP Envy X360 14 fa0050AU R5 8640HS/16GB/512GB/Touch/Pen/Win11 (A29H8PA)",NULL
244,67d8363f59d8fd4b8a5d44d4,"Laptop Acer Swift Lite 14 AI SFL14 51M 56HS Ultra 5 125U/16GB/512GB/Win11 (NX.J1HSV.002)",NULL
245,67d8363f59d8fd4b8a5d44d5,"Laptop Acer Aspire Lite 15 51M 55NB i5 1155G7/8GB/512GB/Win11 (NX.KRSSV.001)",NULL
246,67d8363f59d8fd4b8a5d44d6,"Laptop Acer Gaming Nitro 5 Tiger AN515 58 769J i7 12700H/8GB/512GB/4GB RTX3050/144Hz/Win11 (NH.QFHSV.003)",NULL
247,67d8364059d8fd4b8a5d44d7,"Laptop Asus Vivobook 16 X1605VA i5 13420H/16GB/512GB/OfficeHS24+365/Win11 (MB1876WS)",NULL
248,67d8364059d8fd4b8a5d44d8,"Laptop MSI Gaming Stealth 14 AI Studio A1VFG Ultra 7 155H/32GB/1TB/8GB RTX4060/120Hz/Balo/Tai nghe/Móc chìa khóa/Chuột/Lót chuột/Win11 (085VN)",NULL
249,67d8364059d8fd4b8a5d44d9,"Laptop HP Probook 450 G10 i5 1335U/16GB/512GB/Win11 (9H1N5PT)",NULL
250,67d8364159d8fd4b8a5d44da,"Laptop MSI Gaming Sword 16 HX B14VFKG i7 14700HX/16GB/1TB/8GB RTX4060/240Hz/Balo/Win11 (045VN)",NULL
251,67d8364159d8fd4b8a5d44db,"Laptop Asus Zenbook 14 OLED UX3405MA Ultra 9 185H/32GB/1TB/120Hz/Túi/Win11 (PP475W)",NULL
252,67d8364159d8fd4b8a5d44dc,"Laptop Lenovo ThinkPad E14 Gen 6 Ultra 7 155U/16GB/512GB/Win11 (21M7004UVN)",NULL
253,67d8364159d8fd4b8a5d44dd,"Laptop Dell Inspiron 14 5440 Core 7 150U/16GB/1TB/OfficeHS/Win11 (7FN5J)",NULL
254,67d8364259d8fd4b8a5d44de,"Laptop Dell Inspiron 15 3530 i7 1355U/16GB/1TB/120Hz/OfficeHS/Win11 (P16WD)",NULL
255,67d8364259d8fd4b8a5d44df,"Laptop Asus TUF Gaming F15 FX507VU i7 13620H/16GB/512GB/6GB RTX4050/144Hz/Win11 (LP186W)",NULL
256,67d8364259d8fd4b8a5d44e0,"Laptop HP Pavilion 15 eg3095TU i5 1335U/8GB/512GB/Win11 (8C5L6PA)",NULL
257,67d8364359d8fd4b8a5d44e1,"Laptop HP Envy x360 14 fc0094TU Ultra 5 125U/16GB/512GB/Touch/Pen/Win11 (A19C4PA)",NULL
258,67d8364359d8fd4b8a5d44e2,"Laptop Lenovo IdeaPad Slim 5 14IMH9 Ultra 5 125H/16GB/512GB/Win11 (83DA001NVN)",NULL
259,67d8364359d8fd4b8a5d44e3,"Laptop Lenovo Gaming LOQ 15IRX9 i7 13650HX/24GB/512GB/6GB RTX4050/144Hz/Win11 (83DV00UGVN)",NULL
260,67d8364359d8fd4b8a5d44e4,"Laptop Acer Gaming Nitro V ANV15 51 53NE i5 13420H/16GB/512GB/4GB RTX2050/144Hz/Win11 (NH.QNASV.002)",NULL
261,67d8364459d8fd4b8a5d44e5,"Laptop MSI Prestige 14 AI Studio C1VEG Ultra 7 155H/32GB/1TB/6GB RTX4050/Túi/Win11 (056VN)",NULL
262,67d8364459d8fd4b8a5d44e6,"Laptop Dell Inspiron 15 3520 i5 1235U/8GB/512GB/120Hz/OfficeHS/Win11 (i5U085W11BLU)",NULL
263,67d8364459d8fd4b8a5d44e7,"Laptop Dell Inspiron 15 3530 i7 1355U/16GB/512GB/120Hz/Office365/KYHD/Win11 (N5I7301W1)",NULL
264,67d8364559d8fd4b8a5d44e8,"Laptop MSI Gaming Bravo 15 B7ED R5 7535HS/16GB/512GB/4GB RX6550M/144Hz/Win11 (010VN)",NULL
265,67d8364559d8fd4b8a5d44e9,"Laptop Lenovo ThinkPad E16 Ultra 7 155H/32GB/1TB/Win11 (21MA004PVN)",NULL
266,67d8364559d8fd4b8a5d44ea,"Laptop HP Gaming VICTUS 16 s0173AX R5 7640HS/16GB/512GB/6GB RTX3050/144Hz/Win11 (A9LG9PA)",NULL
267,67d8364659d8fd4b8a5d44eb,"Laptop Acer Swift Go 14 AI SFG14 73 53X7 Ultra 5 125H/16GB/512GB/Win11 (NX.KSLSV.001)",NULL
268,67d8364659d8fd4b8a5d44ec,"Laptop Acer Aspire 5 A515 58M 79R7 i7 13620H/16GB/512GB/Win11 (NX.KQ8SV.007)",NULL
269,67d8364659d8fd4b8a5d44ed,"Laptop Asus Vivobook 15 OLED A1505VA i9 13900H/16GB/1TB/Win11 (L1386W)",NULL
270,67d8364659d8fd4b8a5d44ee,"Laptop Asus ROG Strix G16 G614JV i7 13650HX/32GB/1TB/8GB RTX4060/165Hz/Win11 (N3515W)",NULL
271,67d8364759d8fd4b8a5d44ef,"Laptop MSI Prestige 13 AI Evo A1MG Ultra 7 155H/32GB/1TB/Balo/Chuột/Win11 (062VN)",NULL
272,67d8364759d8fd4b8a5d44f0,"Laptop Lenovo V15 G4 IRU i5 1335U/16GB/512GB/Win11 (83A1000LVN)",NULL
273,67d8364859d8fd4b8a5d44f1,"Laptop Dell Inspiron 16 5640 Core 7 150U/16GB/1TB/OfficeHS/Win11 (N5640-C7U161W11IBU)",NULL
274,67d8364859d8fd4b8a5d44f2,"Laptop Dell Inspiron 15 3530 i7 1355U/16GB/512GB/120Hz/OfficeHS/Win11 (71026454)",NULL
275,67d8364959d8fd4b8a5d44f3,"Laptop Asus TUF Gaming F15 FX507ZC4 i5 12500H/16GB/1TB/4GB RTX3050/144Hz/Win11 (HN229W)",NULL
276,67d8364a59d8fd4b8a5d44f4,"Laptop Asus Vivobook 15 X1504VA i3 1315U/8GB/512GB/Win11 (NJ1634W)",NULL
277,67d8364a59d8fd4b8a5d44f5,"Laptop Acer Gaming Nitro V ANV15 51 55CA i5 13420H/16GB/512GB/6GB RTX4050/144Hz/Win11 (NH.QN8SV.004)",NULL
278,67d8364a59d8fd4b8a5d44f6,"Laptop MSI Gaming Cyborg 14 A13VE i7 13620H/16GB/512GB/6GB RTX4050/144Hz/Balo/Win11 (090VN)",NULL
279,67d8364b59d8fd4b8a5d44f7,"Laptop Lenovo Gaming Legion 5 16IRX9 i7 14650HX/16GB/1TB/8GB RTX4060/165Hz/Win11 (83DG0051VN)",NULL
280,67d8364b59d8fd4b8a5d44f8,"Laptop Lenovo ThinkBook 14 G7 Ultra 7 155U/32GB/1TB/Win11 (21MR0070VN)",NULL
281,67d8364b59d8fd4b8a5d44f9,"Laptop Lenovo Gaming Legion Pro 5 16IRX9 i9 14900HX/32GB/1TB/8GB RTX4060/240Hz/Win11 (83DF0047VN)",NULL
282,67d8364b59d8fd4b8a5d44fa,"Laptop Lenovo Yoga Pro 7 14IMH9 Ultra 7 155H/32GB/1TB/6GB RTX4050/120Hz/OfficeHS/Win11 (83E2005DVN)",NULL
283,67d8364c59d8fd4b8a5d44fb,"Laptop HP Elitebook 630 G11 Ultra 7 155U/16GB/512GB/Win11 (A7LC5PT)",NULL
284,67d8364c59d8fd4b8a5d44fc,"Laptop Lenovo V14 Core 5 120U/16GB/512GB/Win11 (83HD0001VN)",NULL
285,67d8364c59d8fd4b8a5d44fd,"Laptop Dell Inspiron 15 3520 i5 1235U/8GB/512GB/120Hz/OfficeHS/KYHD/Win11 (71027003)",NULL
286,67d8364c59d8fd4b8a5d44fe,"Laptop Asus TUF Gaming F15 FX507ZC4 i7 12700H/16GB/512GB/4GB RTX3050/144Hz/Win11 (HN181W)",NULL
287,67d8364d59d8fd4b8a5d44ff,"Laptop Lenovo ThinkBook 16 G7 Ultra 7 155U/32GB/1TB/Win11 (21MS007HVN)",NULL
288,67d8364d59d8fd4b8a5d4500,"Laptop Acer Aspire 5 A514 54 5127 i5 1135G7/8GB/512GB/Win11 (NX.A28SV.007)",NULL
289,67d8364d59d8fd4b8a5d4501,"Laptop Acer Nitro V 16 ProPanel ANV16 41 R6ZY R5 8645HS/16GB/512GB/6GB RTX3050/165Hz/Win11 (NH.QP2SV.002)",NULL
290,67d8364d59d8fd4b8a5d4502,"Laptop HP Pavilion 15 eg3094TU i5 1335U/8GB/512GB/Win11 (8C5L5PA)",NULL
291,67d8364e59d8fd4b8a5d4503,"Laptop Dell Inspiron 16 5640 Core 7 150U/16GB/1TB/2GB MX570A/OfficeHS/Win11 (KHPF5)",NULL
292,67d8364e59d8fd4b8a5d4504,"Laptop Acer Gaming Nitro 5 Tiger AN515 58 773Y i7 12700H/8GB/512GB/4GB RTX3050Ti/144Hz/Win11 (NH.QFKSV.001)",NULL
293,67d8364e59d8fd4b8a5d4505,"Laptop MSI Gaming Cyborg 15 AI A1VEK Ultra 7 155H/16GB/512GB/6GB RTX4050/144Hz/Balo/Win11 (053VN)",NULL
294,67d8364f59d8fd4b8a5d4506,"Laptop Dell Inspiron 15 3530 i5 1334U/16GB/512GB/120Hz/OfficeHS/Win11 (P16WD2)",NULL
295,67d8364f59d8fd4b8a5d4507,"Laptop Dell Inspiron 15 3520 i5 1235U/16GB/512GB/120Hz/OfficeHS/KYHD/Win11 (71043883)",NULL
296,67d8364f59d8fd4b8a5d4508,"Laptop Asus Vivobook 15 X1504VA i7 1355U/16GB/512GB/Win11 (NJ023W)",NULL
297,67d8365059d8fd4b8a5d4509,"Laptop Asus Vivobook S 16 OLED S5606MA Ultra 5 125H/16GB/512GB/120Hz/Win11 (MX050W)",NULL
298,67d8365059d8fd4b8a5d450a,"Laptop Dell Inspiron 15 3530 i7 1355U/16GB/1TB/120Hz/OfficeHS/Win11 (N3530-i7U161W11BLU-FP)",NULL
299,67d8365059d8fd4b8a5d450b,"Laptop Lenovo Yoga Slim 7 14IMH9 Ultra 7 155H/32GB/1TB/OfficeHS/Win11 (83CV001VVN)",NULL
300,67d8365159d8fd4b8a5d450c,"Laptop Acer Gaming Nitro V ANV15 51 57B2 i5 13420H/8GB/512GB/6GB RTX4050/144Hz/Win11 (NH.QN8SV.001)",NULL
301,67d8365159d8fd4b8a5d450d,"Laptop HP Elitebook 630 G10 i7 1355U/16GB/512GB/Win11 (9H1N9PT)",NULL
302,67d8365159d8fd4b8a5d450e,"Laptop Acer Aspire 3 A315 58 529V i5 1135G7/8GB/256GB/Win11 (NX.ADDSV.00N)",NULL
303,67d8365159d8fd4b8a5d450f,"Laptop Lenovo Gaming LOQ 15ARP9 R7 7435HS/24GB/512GB/8GB RTX4060/144Hz/Win11 (83JC003YVN)",NULL
304,67d8365259d8fd4b8a5d4510,"Laptop MSI Gaming Katana A15 AI B8VF R7 8845HS/16GB/512GB/8GB RTX4060/144Hz/Balo/Win11 (419VN)",NULL
305,67d8365259d8fd4b8a5d4511,"Laptop Lenovo Gaming Legion Pro 5 16IRX9 i9 14900HX/32GB/1TB/8GB RTX4070/240Hz/Win11 (83DF0046VN)",NULL
306,67d8365259d8fd4b8a5d4512,"Laptop Lenovo ThinkPad E14 Ultra 7 155H/32GB/1TB/Win11 (21M70051VN)",NULL
307,67d8365259d8fd4b8a5d4513,"Laptop Asus Vivobook S 14 S5406SA Ultra 5 226V/16GB/512GB/120Hz/OfficeHS/Win11 (PP060WS)",NULL
308,67d8365359d8fd4b8a5d4514,"Laptop Dell Vostro 15 3520 i5 1235U/16GB/512GB/120Hz/OfficeHS/KYHD/Win11 (i5U165W11GRU)",NULL
309,67d8365359d8fd4b8a5d4515,"Laptop HP Envy x360 14 fc0162TU Ultra 5 125U/16GB/512GB/Touch/Pen/OfficeHS/Win11 (AY8X1PA)",NULL
310,67d8365359d8fd4b8a5d4516,"Laptop Asus Zenbook 14 OLED UX3405MA Ultra 7 155H/32GB/1TB/120Hz/Túi/Win11 (PP152W)",NULL
311,67d8365459d8fd4b8a5d4517,"Laptop HP Gaming VICTUS 16 s0078AX R5 7640HS/16GB/512GB/6GB RTX3050/144Hz/Win11 (8C5N7PA)",NULL
312,67d8365459d8fd4b8a5d4518,"Laptop Asus Vivobook 15 X1504VA i5 1335U/8GB/512GB/Win11 (NJ025W)",NULL
313,67d8365459d8fd4b8a5d4519,"Laptop Asus Vivobook 15 OLED A1505ZA i5 12500H/16GB/512GB/Win11 (L1337W)",NULL
314,67d8365559d8fd4b8a5d451a,"Laptop Asus TUF Gaming A15 FA506NF R5 7535HS/16GB/512GB/4GB RTX2050/144Hz/Win11 (HN012W)",NULL
315,67d8365559d8fd4b8a5d451b,"Laptop HP Gaming VICTUS 16 s0077AX R7 7840HS/16GB/512GB/144Hz/6GB RTX3050/Win11 (8C5N6PA)",NULL
316,67d8365659d8fd4b8a5d451c,"Laptop Dell Vostro 3420 i5 1235U/8GB/512GB/OfficeHS/Win11 (V4I5702W1)",NULL
317,67d8365659d8fd4b8a5d451d,"Laptop Dell Inspiron 15 3530 i5 1335U/16GB/512GB/120Hz/OfficeHS/Win11 (N5I5791W1)",NULL
318,67d8365659d8fd4b8a5d451e,"Laptop Dell Vostro 15 3520 i5 1235U/8GB/512GB/120Hz/OfficeHS/KYHD/Win11 (V5I5610W1)",NULL
319,67d8365759d8fd4b8a5d451f,"Laptop MSI Gaming Katana A15 AI B8VG R7 8845HS/16GB/1TB/8GB RTX4070/144Hz/Balo/Chuột/Bàn di/Win11 (465VN)",NULL
320,67d8365759d8fd4b8a5d4520,"Laptop Dell Inspiron 14 5440 Core 7 150U/16GB/512GB/OfficeHS/Win11 (N4I7204W1)",NULL
321,67d8365759d8fd4b8a5d4521,"Laptop Asus Vivobook 16 X1605VA i7 13620H/16GB/512GB/OfficeHS24+365/Win11 (MB1875WS)",NULL
322,67d8365759d8fd4b8a5d4522,"Laptop Asus Vivobook 16 M1607KA R7 AI 350/16GB/512GB/OfficeHS24+365/Win11 (MB091WS)",NULL
323,67d8365859d8fd4b8a5d4523,"Laptop MSI Prestige 14 AI Studio C1UDXG Ultra 7 155H/16GB/1TB/6GB RTX3050/144Hz/Túi/Win11 (058VN)",NULL
324,67d8365859d8fd4b8a5d4524,"Laptop Acer Swift Go 14 AI SFG14 73 71ZX Ultra 7 155H/16GB/512GB/Win11 (NX.KSLSV.002)",NULL
325,67d8365859d8fd4b8a5d4525,"Laptop Lenovo ThinkBook 16 G7 Ultra 5 125U/16GB/512GB/Win11 (21MS007GVN)",NULL
326,67d8365859d8fd4b8a5d4526,"Laptop HP VICTUS 16 r0283TX i5 13500H/16GB/512GB/144Hz/6GB RTX3050/Win11 (AD9T3PA)",NULL
327,67d8365959d8fd4b8a5d4527,"Laptop HP Probook 450 G10 i7 1355U/16GB/512GB/Win11 (9H8H1PT)",NULL
328,67d8365959d8fd4b8a5d4528,"Laptop Lenovo ThinkBook 14 Ultra 7 155U/16GB/512GB/Win11 (21MR0072VN)",NULL
329,67d8365959d8fd4b8a5d4529,"Laptop Acer Swift AI SF14 51 53P9 Ultra 5 226V/16GB/1TB/Win11 (NX.J2KSV.002)",NULL
330,67d8365a59d8fd4b8a5d452a,"Laptop Lenovo IdeaPad Slim 5 14Q8X9 X1P 42 100/16GB/512GB/Win11 (83HL000KVN)",NULL
331,67d8365a59d8fd4b8a5d452b,"Laptop Asus TUF Gaming A15 FA506NC R5 7535HS/16GB/512GB/4GB RTX3050/144Hz/Win11 (HN017W)",NULL
332,67d8365a59d8fd4b8a5d452c,"Laptop Dell G15 5530 i9 13900HX/16GB/1TB/8GB RTX4060/165Hz/OfficeHS/Win11 (i9HX161W11GR4060)",NULL
333,67d8365b59d8fd4b8a5d452d,"Laptop Asus TUF Gaming F15 FX507VU i7 13620H/16GB/512GB/6GB RTX4050/144Hz/Win11 (LP167W)",NULL
334,67d8365b59d8fd4b8a5d452e,"Laptop HP Elitebook 630 G10 i7 1355U/16GB/512GB/Win11 (873F2PA)",NULL
335,67d8365b59d8fd4b8a5d452f,"Laptop Dell Latitude 3440 i7 1355U/16GB/512GB/Win11 (71038103)",NULL
336,67d8365b59d8fd4b8a5d4530,"Laptop Lenovo Gaming Legion Slim 5 16AHP9 R7 8845HS/32GB/1TB/8GB RTX4060/165Hz/Win11 (83DH003BVN)",NULL
337,67d8365c59d8fd4b8a5d4531,"Laptop Lenovo V15 G5 IRL Core 5 120U/16GB/512GB/Win11 (83HF0000VN)",NULL
338,67d8365c59d8fd4b8a5d4532,"Laptop Acer Swift AI SF14 51 75VP Ultra 7 258V/32GB/1TB/Win11 (NX.J2KSV.001)",NULL
339,67d8365c59d8fd4b8a5d4533,"Laptop Asus Vivobook 14X OLED K3405VC i5 13500H/16GB/512GB/4GB RTX3050/Win11 (KM006W)",NULL
340,67d8365d59d8fd4b8a5d4534,"Laptop Dell Inspiron 15 3530 i5 1335U/8GB/512GB/120Hz/OfficeHS/Win11 (N3530-i5U085W11BLU)",NULL
341,67d8365d59d8fd4b8a5d4535,"Laptop HP VICTUS 16 r0127TX i7 13700H/16GB/512GB/8GB RTX4060/144Hz/Win11 (8C5N2PA)",NULL
342,67d8365d59d8fd4b8a5d4536,"Laptop Lenovo Gaming Legion Pro 7 16IRX9H i9 14900HX/32GB/1TB/16GB RTX4090/240Hz/Win11 (83DE001MVN)",NULL
343,67d8365d59d8fd4b8a5d4537,"Laptop HP Envy X360 14 fc0083TU Ultra 7 155U/32GB/1TB/Touch/Pen/Win11 (A19BSPA)",NULL
344,67d8365e59d8fd4b8a5d4538,"Laptop Dell Inspiron 16 5640 Core 7 150U/16GB/1TB/2GB MX570A/120Hz/OfficeHS/Win11 (N6I7512W1)",NULL
345,67d8365e59d8fd4b8a5d4539,"Laptop Lenovo Thinkpad X13 Ultra 5 125U/16GB/512GB/Win11 Pro (21LU004NVN)",NULL
346,67d8365e59d8fd4b8a5d453a,"Laptop Asus ROG Strix G16 G614JU i7 13650HX/32GB/1TB/6GB RTX4050/165Hz/Win11 (N3509W)",NULL
347,67d8365f59d8fd4b8a5d453b,"Laptop HP Gaming VICTUS 16 r0130TX i5 13500H/16GB/512GB/144Hz/6GB RTX3050/Win11 (8C5N5PA)",NULL
348,67d8365f59d8fd4b8a5d453c,"Laptop Asus Zenbook S 14 UX5406SA Ultra 7 258V/32GB/1TB/120Hz/Túi/OfficeHS/Win11 (PV140WS)",NULL
349,67d8366059d8fd4b8a5d453d,"Laptop Dell Inspiron 7440 Core 5 120U/16GB/1TB/Touch/Pen/OfficeHS/Win11 (N4I5006W1)",NULL
350,67d8366059d8fd4b8a5d453e,"Laptop Dell Inspiron 7440 Core 7 150U/16GB/1TB/Touch/Pen/OfficeHS/Win11 (N7440-C7U161W11IBU)",NULL
351,67d8366059d8fd4b8a5d453f,"Laptop HP Spectre X360 14 eu0050TU Ultra 7 155H/32GB/1TB/Touch/Pen/Win11 (A19BLPA)",NULL
352,67d8366159d8fd4b8a5d4540,"Laptop MSI Gaming Katana A15 AI B8VE R7 8845HS/16GB/512GB/6GB RTX4050/144Hz/Balo/Win11 (402VN)",NULL
353,67d8366159d8fd4b8a5d4541,"Laptop HP Probook 450 G10 i7 1355U/16GB/512GB/Win11 (873D3PA)",NULL
354,67d8366259d8fd4b8a5d4542,"Laptop Asus TUF Gaming A15 FA507NV R7 7735HS/16GB/512GB/8GB RTX4060/144Hz/Win11 (LP031W)",NULL
355,67d8366259d8fd4b8a5d4543,"Laptop Asus TUF Gaming A15 FA507NU R5 7535HS/16GB/512GB/6GB RTX4050/144Hz/Win11 (LP105W)",NULL
356,67d8366359d8fd4b8a5d4544,"Laptop MSI Creator Z17 HX Studio A14VGT i7 14700HX/32GB/2TB/8GB RTX4070/165Hz/Touch/Pen/Balo/Win11 (272VN)",NULL
357,67d8366359d8fd4b8a5d4545,"Laptop MacBook Air 13 inch M3 16GB/ 256GB",NULL
358,67d8366459d8fd4b8a5d4546,"Laptop ASUS TUF Gaming A15 FA507UV R7 8845HS/16GB/512GB/8GB RTX4060/144Hz/Win11 (LP142W)",NULL
359,67d8366459d8fd4b8a5d4547,"Laptop Asus Vivobook S 14 S5406SA Ultra 7 258V/32GB/1TB/120Hz/OfficeHS/Win11 (PP059WS)",NULL
360,67d8366559d8fd4b8a5d4548,"Laptop Asus Zenbook 14 UX3405CA Ultra 7 255H/16GB/512GB/120Hz/Touch/OfficeHS24+365/Win11 (PZ368WS)",NULL
361,67d8366559d8fd4b8a5d4549,"Laptop HP OMEN 16 xf0071AX R7 7840HS/32GB/1TB/8GB RTX4060/240Hz/Win11 (8W946PA)",NULL
362,67d8366559d8fd4b8a5d454a,"Laptop MSI Creator M16 HX C14VFG i7 14700HX/32GB/1TB/8GB RTX4060/240Hz/Balo/Win11 (040VN)",NULL
363,67d8366659d8fd4b8a5d454b,"Laptop MSI Cyborg 15 A13VFK i7 13620H/16GB/512GB/8GB RTX4060/144Hz/Balo/Win11 (876VN)",NULL
364,67d8366659d8fd4b8a5d454c,"Laptop Dell XPS 13 9340 Ultra 7 155H/16GB/1TB/Touch/OfficeHS/Win11 (HXRGT)",NULL
365,67d8366659d8fd4b8a5d454d,"Laptop Asus TUF Gaming A14 FA401WV R9 AI HX 370/16GB/1TB/8GB RTX4060/165Hz/OfficeHS/Office365/Win11 (RG062WS)",NULL
366,67d8366659d8fd4b8a5d454e,"Laptop Asus Zenbook 14 OLED UM3406KA R7 AI 350/32GB/512GB/120Hz/OfficeHS24+365/Win11 (PP555WS)",NULL
367,67d8366759d8fd4b8a5d454f,"Laptop HP Envy x360 14 fc0089TU Ultra 7 155U/16GB/512GB/Touch/Pen/Win11 (A19BZPA)",NULL
368,67d8366759d8fd4b8a5d4550,"Laptop Asus Vivobook S 15 S5507QA X1E 78 100/32GB/1TB/Win11/OfficeHS (MA090WS)",NULL
369,67d8366759d8fd4b8a5d4551,"Laptop HP Envy X360 14 fa0048AU R7 8840HS/16GB/512GB/Touch/Pen/Win11 (A19BQPA)",NULL
370,67d8366859d8fd4b8a5d4552,"Laptop MSI Prestige 13 AI+ A2VMG Ultra 7 258V/32GB/1TB/Balo/Win11 (040VN)",NULL
371,67d8366859d8fd4b8a5d4553,"Laptop HP Probook 460 G11 Ultra 5 125U/16GB/512GB/Win11 (A74BTPT)",NULL
372,67d8366859d8fd4b8a5d4554,"Laptop MSI Prestige 16 AI+ B2VMG Ultra 9 288V/32GB/1TB/Balo/Win11 (016VN)",NULL
373,67d8366859d8fd4b8a5d4555,"Laptop Dell XPS 13 9340 Ultra 7 155H/16GB/1TB/Touch/OfficeHS/Win11 (HXRGT2)",NULL
374,67d8366959d8fd4b8a5d4556,"Laptop MSI Stealth A16 AI+ A3XVGG R9 AI HX 370/32GB/2TB/8GB RTX4070/120Hz/Balo/Chuột/Win11 (208VN)",NULL
375,67d8366959d8fd4b8a5d4557,"Laptop MSI Gaming Katana A15 AI B8VG R9 8945HS/16GB/1TB/8GB RTX4070/144Hz/Balo/Lót chuột/Chuột/Win11 (466VN)",NULL
376,67d8366959d8fd4b8a5d4558,"Laptop MacBook Pro 14 inch M4 16GB/512GB",NULL
377,67d8366a59d8fd4b8a5d4559,"Laptop MacBook Pro 14 inch M4 Pro 24GB/512GB",NULL
378,67d8366a59d8fd4b8a5d455a,"Laptop MacBook Air 15 inch M3 16GB/256GB/10GPU","16GB - 256GB"
379,67d8366b59d8fd4b8a5d455c,"Laptop Dell Inspiron 14 5440 i5 1334U/16GB/512GB/OfficeHS/Win11 (NDY5V1)",NULL
380,67d8366b59d8fd4b8a5d455d,"Laptop MacBook Pro 14 inch M4 Pro 24GB/1TB",NULL
381,67d8366b59d8fd4b8a5d455e,"Laptop MacBook Pro 14 inch Nano M4 16GB/512GB",NULL
382,67d8366c59d8fd4b8a5d455f,"Laptop Asus Vivobook 15 X1504ZA i5 1235U/16GB/1TB/Win11 (NJ1528W)",NULL
383,67d8366c59d8fd4b8a5d4560,"Laptop MacBook Pro 16 inch M4 Pro 24GB/1TB",NULL
384,67d8366d59d8fd4b8a5d4561,"Laptop Samsung Galaxy Chromebook Go XE310XDA N4500/4GB/32GB/ChromeOS",NULL
385,67d8366d59d8fd4b8a5d4562,"Laptop MacBook Air 13 inch M2 24GB/512GB",NULL
386,67d8366e59d8fd4b8a5d4563,"Laptop MacBook Air 13 inch M3 24GB/512GB",NULL
387,67d8366f59d8fd4b8a5d4564,"Laptop MacBook Pro 16 inch M4 Pro 24GB/512GB",NULL
388,67d8366f59d8fd4b8a5d4565,"Laptop Lenovo Gaming LOQ Essential 15IAX9E i5 12450HX/12GB/512GB/6GB RTX3050/144Hz/Win11 (83LK0036VN)",NULL
389,67d8366f59d8fd4b8a5d4566,"Laptop MacBook Pro 16 inch M4 Pro 48GB/512GB",NULL
390,67d8367059d8fd4b8a5d4567,"Laptop MacBook Pro 14 inch Nano M4 Pro 24GB/512GB",NULL
391,67d8367059d8fd4b8a5d4568,"Laptop Lenovo IdeaPad 5 2in1 14IRH9 i7 13620H/16GB/512GB/Touch/Pen/Win11 (83KX003XVN)",NULL
392,67d8367059d8fd4b8a5d4569,"Laptop Dell Inspiron 14 5430 i5 1340P/16GB/512GB/4GB RTX2050/120Hz/OfficeHS/Win11 (N5430-i5P165W11SL2050)",NULL
393,67d8367159d8fd4b8a5d456a,"Laptop HP Elitebook 630 G10 i5 1335U/16GB/512GB/Touch/Win11 (9J0B5PT)",NULL
394,67d8367159d8fd4b8a5d456b,"Laptop Samsung Galaxy Chromebook Go XE340XDA N4500/4GB/32GB/ChromeOS",NULL
395,67d8367159d8fd4b8a5d456c,"Laptop MacBook Pro 14 inch M4 Pro 48GB/512GB",NULL
396,67d8367259d8fd4b8a5d456d,"Laptop MacBook Pro 14 inch M4 Pro 48GB/1TB",NULL
397,67d8367259d8fd4b8a5d456e,"Laptop HP OMEN 16 xf0070AX R9 7940HS/32GB/1TB/8GB RTX4070/240Hz/Win11 (8W945PA)",NULL
398,67d8367259d8fd4b8a5d456f,"Laptop Dell G15 5530 i7 13650HX/16GB/1TB/8GB RTX4060/165Hz/OfficeHS/Win11 (i7HX161W11GR4060)",NULL
399,67d8367359d8fd4b8a5d4570,"Laptop MacBook Pro 14 inch Nano M4 Max 36GB/1TB",NULL
400,67d8367359d8fd4b8a5d4571,"Laptop Apple MacBook Pro 16 inch Nano M4 Pro 24GB/512GB",NULL
401,67d8367359d8fd4b8a5d4572,"Laptop GIGABYTE G6 KF RC56 i7 13620H/16GB/1TB/8GB RTX4060/165Hz/Win11 (9RC56KF0HJJANIVN000)",NULL
402,67d8367459d8fd4b8a5d4573,"Laptop Macbook Air 13 inch M2 16GB/512GB Sạc 70W",NULL
403,67d8367459d8fd4b8a5d4574,"Laptop HP Gaming VICTUS 16 r0128TX i5 13450HX/16GB/512GB/144Hz/6GB RTX4050/Win11 (8C5N3PA)",NULL
404,67d8367459d8fd4b8a5d4575,"Laptop HP Gaming VICTUS 16 r0228TX i5 13500H/32GB/512GB/6GB RTX4050/144Hz/Win11 (9Q979PA)",NULL
405,67d8367459d8fd4b8a5d4576,"Laptop HP Gaming VICTUS 16 r0227TX i5 13500H/32GB/512GB/8GB RTX4060/144Hz/Win11 (9Q978PA)",NULL
406,67d8367559d8fd4b8a5d4577,"Laptop HP Gaming VICTUS 16 s0138AX R7 7840HS/32GB/512GB/8GB RTX4070/144Hz/Win11 (9Q985PA)",NULL
407,67d8367559d8fd4b8a5d4578,"Laptop Lenovo Thinkpad X13 Ultra 7 155H/32GB/1TB/Touch/Win11 Pro (21LU004LVN)",NULL
408,67d8367559d8fd4b8a5d4579,"Laptop HP Probook 460 G11 Ultra 7 155U/16GB/512GB/Win11 (A74C0PT)",NULL
409,67d8367659d8fd4b8a5d457a,"Laptop HP Elitebook X360 830 G11 Ultra 7 165U/16GB/512GB/Touch/Pen/Win11 Pro (A7RC0PT)",NULL
410,67d8367659d8fd4b8a5d457b,"Laptop HP Envy X360 14 fa0097AU R5 8640HS/16GB/512GB/Touch/Pen/Office365/Win11 (AY8U7PA)",NULL
411,67d8367659d8fd4b8a5d457c,"Laptop HP Envy X360 14 fc0153TU Ultra 7 155U/32GB/512GB/Touch/Pen/Office365/Win11 (AY8V4PA)",NULL
412,67d8367759d8fd4b8a5d457d,"Laptop MacBook Pro 16 inch M4 Max 36GB/1TB",NULL
413,67d8367759d8fd4b8a5d457e,"Laptop MSI Modern 15 B12MO i7 1255U/16GB/512GB/Win11 (487VN)",NULL
414,67d8367859d8fd4b8a5d457f,"Laptop Dell Inspiron 15 3530 i7 1355U/16GB/512GB/120Hz/OfficeHS/Win11 (N5I7240W1)",NULL
415,67d8367859d8fd4b8a5d4580,"Laptop HP Elitebook X360 830 G11 Ultra 5 135U/16GB/512GB/Touch/Pen/Win11 Pro (A7RB9PT)",NULL
416,67d8367859d8fd4b8a5d4581,"Laptop HP OMEN Transcend 14 fb0135TX Ultra 7 155H/16GB/1TB/8GB RTX4060/120Hz/Win11 (AY8V1PA)",NULL
417,67d8367959d8fd4b8a5d4582,"Laptop Lenovo IdeaPad 5 2in1 14Q8X9 X1P 42 100/16GB/512GB/Touch/Win11 (83GH001FVN)",NULL
418,67d8367959d8fd4b8a5d4583,"Laptop Lenovo IdeaPad Flex 5 14ABR8 R7 7730U/16GB/512GB/Touch/Win11 (82XX00DLVN)",NULL
419,67d8367959d8fd4b8a5d4584,"Laptop Lenovo ThinkPad E16 Ultra 5 125U/32GB/1TB/Win11 (21MA0049VN)",NULL
420,67d8367a59d8fd4b8a5d4585,"Laptop Lenovo ThinkPad X1 Carbon Ultra 7 165U/64GB/1TB/120Hz/Win11 Pro (21KC00AGVN)",NULL
421,67d8367b59d8fd4b8a5d4586,"Laptop Lenovo Yoga 7 2in1 14IML9 Ultra 5 125H/16GB/512GB/Touch/Office/Win11 (83DJ00DMVN)",NULL
422,67d8367b59d8fd4b8a5d4587,"Laptop Lenovo IdeaPad Slim 5 14IMH9 Ultra 5 125H/16GB/1TB/Win11 (83DA006TVN)",NULL
423,67d8367c59d8fd4b8a5d4588,"Laptop Lenovo Legion 7 16IRX9 i9 14900H/32GB/1TB/8GB RTX4070/165Hz/Win11",NULL
424,67d8367c59d8fd4b8a5d4589,"Laptop Lenovo Yoga Pro 7 14ASP9 R9 AI 365/32GB/1TB/120Hz/OfficeHS/Win11 (83HN0022VN)",NULL
425,67d8367c59d8fd4b8a5d458a,"Laptop Lenovo Yoga Pro 7 14IMH9 Ultra 7 155H/32GB/1TB/6GB RTX4050/120Hz/OfficeHS/Win11 (83E2006MVN)",NULL
426,67d8367c59d8fd4b8a5d458b,"Laptop Lenovo Yoga Slim 7 15ILL9 Ultra 7 258V/32GB/1TB/120Hz/Touch/OfficeHS/Win11 (83HM000GVN)",NULL
427,67d8367d59d8fd4b8a5d458c,"Laptop LG Gram 14Z90S Ultra 5 125H/16GB/512GB/Win11 (14Z90S-G.AH55A5)",NULL
428,67d8367d59d8fd4b8a5d458d,"Laptop LG Gram 14Z90S Ultra 7 155H/16GB/512GB/Win11 (14Z90S-G.AH75A5)",NULL
429,67d8367d59d8fd4b8a5d458e,"Laptop LG Gram 16Z90S Ultra 7 155H/16GB/512GB/Win11 (16Z90S-G.AH76A5)",NULL
430,67d8367d59d8fd4b8a5d458f,"Laptop LG Gram 17Z90S Ultra 7 155H/16GB/1TB/Win11 (17Z90S-G.AH78A5)",NULL
431,67d8367e59d8fd4b8a5d4590,"Laptop LG Gram 16Z90SP Ultra 7 155H/16GB/512GB/Win11 (16Z90SP-K.AH78A5)",NULL
432,67d8367e59d8fd4b8a5d4591,"Laptop HP Elitebook 635 Aero G11 R5 8640U/16GB/512GB/Win11 (A8WS6PT)",NULL
433,67d8367e59d8fd4b8a5d4592,"Laptop HP Elitebook 635 Aero G11 R7 8840HS/16GB/512GB/Win11 (A8WS7PT)",NULL
434,67d8367f59d8fd4b8a5d4593,"Laptop Lenovo IdeaPad Slim 3 15IRH10 i7 13620H/16GB/512GB/Win11 (83K1000JVN)",NULL
435,67d8367f59d8fd4b8a5d4594,"Laptop Lenovo LOQ 15IAX9 i5 12450HX/12GB/512GB/6GB RTX4050/144Hz/Win11 (83GS001QVN)",NULL
436,67d8367f59d8fd4b8a5d4595,"Laptop Lenovo Legion Pro 7 16IRX9H i9 14900HX/1TB/12GB RTX4080/240Hz/Win11 (83DE001NVN)",NULL
437,67d8368059d8fd4b8a5d4596,"Laptop Lenovo Legion Slim 5 16AHP9 R7 8845HS/16GB/512GB/8GB RTX4060/165Hz/Win11 (83DH003AVN)",NULL
438,67d8368059d8fd4b8a5d4597,"Laptop Lenovo ThinkPad T14s Ultra 5 125U/16GB/512GB/Win11 Pro (21LS005RVN)",NULL
439,67d8368059d8fd4b8a5d4598,"Laptop Lenovo Thinkpad X13 Ultra 7 155H/16GB/1TB/Win11 Pro (21LU004TVN)",NULL
440,67d8368159d8fd4b8a5d4599,"Laptop Lenovo Yoga 7 2in1 14IML9 Ultra 7 155H/16GB/512GB/Touch/Pen/OfficeHS/Win11 (83DJ001FVN)",NULL
441,67d8368159d8fd4b8a5d459a,"Laptop GIGABYTE AORUS 16X X6LAG i7 14650HX/16GB/1TB/8G RTX4070/165Hz/Win11 (9RX6LASGDDJIXDVN010)",NULL
442,67d8368159d8fd4b8a5d459b,"Laptop Asus Zenbook DUO UX8406CA Ultra 9 285H/32GB/1TB/120Hz/Touch/OfficeHS24+365/Win11 (PZ109WS)",NULL
443,67d8368259d8fd4b8a5d459c,"Laptop Dell Inspiron 15 3530 i5 1334U/16GB/512GB/120Hz/OfficeHS24+365/Win11 (N5I5530W1)",NULL
444,67d8368259d8fd4b8a5d459d,"Laptop Dell Inspiron 15 3530 i7 1355U/16GB/512GB/120Hz/OfficeHS24+365/Win11 (N5I7305W1)",NULL
445,67d8368259d8fd4b8a5d459e,"Laptop Dell Latitude 3450 i5 1335U/16GB/512GB/Win11 (L3450-1335U-16512W)",NULL
446,67d8368359d8fd4b8a5d459f,"Laptop Asus Vivobook 14 A1407CA Ultra 5 225H/16GB/512GB/OfficeHS24+365/Win11 (LY008WS)",NULL
447,67d8368359d8fd4b8a5d45a0,"Laptop Asus Vivobook 14 X1404VA i5 1334U/16GB/512GB/OfficeHS24+365/Win11 (NK771WS)",NULL
448,67d8368359d8fd4b8a5d45a1,"Laptop Asus Vivobook 16 A1607CA Ultra 5 225H/16GB/512GB/OfficeHS24+365/Win11 (MB038WS)",NULL
449,67d8368459d8fd4b8a5d45a2,"Laptop Asus Vivobook S 16 S5606CA Ultra 5 225H/16GB/512GB/120Hz/OfficeHS24+365/Win11 (RI114WS)",NULL
450,67d8368459d8fd4b8a5d45a3,"Laptop Asus Vivobook S 16 S5606CA Ultra 7 255H/32GB/1TB/16"Q/120Hz/OfficeHS24+365/Win11 (RI115WS)",NULL
451,67d8368459d8fd4b8a5d45a4,"Laptop Dell Latitude 5450 Ultra 5 125U/16GB/512GB/Win11 (L5450-125U-16512W)",NULL
452,67d8368559d8fd4b8a5d45a5,"Laptop Dell Latitude 5350 Ultra 7 165U vPro/16GB/512GB/Win11 (L5350-165U-16512W)",NULL
453,67d8368559d8fd4b8a5d45a6,"Laptop Dell XPS 13 9350 Ultra 7 256V/16GB/512GB/Touch/OfficeHS24+365/Win11 (XPSU7016W1)",NULL
454,67d8368559d8fd4b8a5d45a7,"Laptop MacBook Air 13 inch M4 16GB/256GB",NULL
455,67d8368659d8fd4b8a5d45a8,"Laptop MacBook Air 13 inch M4 16GB/512GB",NULL
456,67d8368659d8fd4b8a5d45a9,"Laptop MacBook Air 13 inch M4 16GB/1TB",NULL
457,67d8368759d8fd4b8a5d45aa,"Laptop MacBook Air 13 inch M4 24GB/256GB",NULL
458,67d8368859d8fd4b8a5d45ab,"Laptop MacBook Air 13 inch M4 24GB/512GB",NULL
459,67d8368859d8fd4b8a5d45ac,"Laptop MacBook Air 13 inch M4 24GB/1TB",NULL
460,67d8368959d8fd4b8a5d45ad,"Laptop MacBook Air 13 inch M4 32GB/256GB",NULL
461,67d8368959d8fd4b8a5d45ae,"Laptop MacBook Air 13 inch M4 32GB/512GB",NULL
462,67d8368959d8fd4b8a5d45af,"Laptop MacBook Air 13 inch M4 32GB/1TB",NULL
463,67d8368a59d8fd4b8a5d45b0,"Laptop MacBook Air 15 inch M4 16GB/256GB",NULL
464,67d8368a59d8fd4b8a5d45b1,"Laptop MacBook Air 15 inch M4 16GB/512GB",NULL
465,67d8368b59d8fd4b8a5d45b2,"Laptop MacBook Air 15 inch M4 16GB/1TB",NULL
466,67d8368b59d8fd4b8a5d45b3,"Laptop MacBook Air 15 inch M4 24GB/256GB",NULL
467,67d8368c59d8fd4b8a5d45b4,"Laptop MacBook Air 15 inch M4 24GB/512GB",NULL
468,67d8368c59d8fd4b8a5d45b5,"Laptop MacBook Air 15 inch M4 24GB/1TB",NULL
469,67d8368c59d8fd4b8a5d45b6,"Laptop MacBook Air 15 inch M4 32GB/256GB",NULL
470,67d8368d59d8fd4b8a5d45b7,"Laptop MacBook Air 15 inch M4 32GB/512GB",NULL
471,67d8368d59d8fd4b8a5d45b8,"Laptop MacBook Air 15 inch M4 32GB/1TB",NULL
