group_id,product_id,product_name
1,67e54ce86293190bc2b97154,"Điện thoại iPhone 16e 128GB"
2,67e54cea6293190bc2b97157,"Điện thoại iPhone 16 Pro Max 256GB"
3,67e54ceb6293190bc2b9715a,"Điện thoại iPhone 16 Pro 128GB"
4,67e54cec6293190bc2b9715e,"Điện thoại Samsung Galaxy S25 5G 12GB/256GB"
5,67e54ced6293190bc2b97160,"Điện thoại Samsung Galaxy S25 Ultra 5G 12GB/256GB"
6,67e54cee6293190bc2b97163,"Điện thoại Xiaomi Redmi Note 14 6GB/128GB"
7,67e54cef6293190bc2b97166,"Điện thoại Xiaomi Redmi Note 14 Pro 8GB/256GB"
8,67e54cf06293190bc2b97167,"Điện thoại OPPO Reno13 F 5G 8GB/256GB"
9,67e54cf16293190bc2b9716a,"Điện thoại OPPO Reno13 5G 12GB/256GB"
10,67e54cf16293190bc2b9716c,"Điện thoại realme C75 8GB/128GB"
11,67e54cf26293190bc2b9716f,"Điện thoại vivo V40 Lite 8GB/256GB"
12,67e54cf36293190bc2b97170,"Điện thoại HONOR X9c 5G 12GB/256GB"
13,67e54cf46293190bc2b97172,"Điện thoại TCL 406s 4GB/64GB"
14,67e54cf46293190bc2b97173,"Điện thoại iPhone 16 Plus 128GB"
15,67e54cf66293190bc2b97176,"Điện thoại iPhone 16 128GB"
16,67e54cf86293190bc2b97179,"Điện thoại Samsung Galaxy S24 Ultra 5G 12GB/256GB"
17,67e54cf96293190bc2b9717b,"Điện thoại Samsung Galaxy A16 5G 8GB/128GB"
18,67e54cfa6293190bc2b9717d,"Điện thoại Xiaomi Redmi Note 14 Pro 5G 8GB/256GB"
19,67e54cfa6293190bc2b9717e,"Điện thoại Xiaomi Redmi Note 14 Pro+ 5G 8GB/256GB"
20,67e54cfa6293190bc2b9717f,"Điện thoại OPPO Reno13 Pro 5G 12GB/512GB"
21,67e54cfa6293190bc2b97180,"Điện thoại OPPO Reno13 F 8GB/256GB"
22,67e54cfb6293190bc2b97181,"Điện thoại realme Note 60x 3GB/64GB"
23,67e54cfb6293190bc2b97183,"Điện thoại vivo Y28 8GB/128GB"
24,67e54cfc6293190bc2b97185,"Điện thoại HONOR X5b 4GB/64GB"
25,67e54cfd6293190bc2b97187,"Điện thoại Samsung Galaxy Z Fold6 5G 12GB/256GB"
26,67e54cfd6293190bc2b97189,"Điện thoại iPhone 15 Pro Max 256GB"
27,67e54cfe6293190bc2b9718c,"Điện thoại Samsung Galaxy A06 4GB/128GB"
28,67e54cff6293190bc2b9718f,"Điện thoại iPhone 15 Plus 128GB"
29,67e54d006293190bc2b97192,"Điện thoại Samsung Galaxy A35 5G 8GB/256GB"
30,67e54d016293190bc2b97193,"Điện thoại Xiaomi 15 5G 12GB/256GB"
31,67e54d016293190bc2b97195,"Điện thoại Xiaomi 15 Ultra 5G 16GB/512GB"
32,67e54d026293190bc2b97197,"Điện thoại OPPO A60 8GB/128GB"
33,67e54d026293190bc2b97199,"Điện thoại OPPO A3x 4GB/128GB"
34,67e54d026293190bc2b9719c,"Điện thoại realme 13+ 5G 8GB/256GB"
35,67e54d036293190bc2b9719e,"Điện thoại vivo V40 5G 12GB/256GB"
36,67e54d036293190bc2b9719f,"Điện thoại HONOR X5 Plus 4GB/64GB"
37,67e54d036293190bc2b971a0,"Điện thoại Samsung Galaxy A05s 6GB/128GB"
38,67e54d046293190bc2b971a1,"Điện thoại iPhone 15 128GB"
39,67e54d046293190bc2b971a3,"Điện thoại iPhone 14 Plus 512GB"
40,67e54d046293190bc2b971a4,"Điện thoại iPhone 14 128GB"
41,67e54d056293190bc2b971a5,"Điện thoại Samsung Galaxy S24 FE 5G 8GB/128GB"
42,67e54d056293190bc2b971a7,"Điện thoại Samsung Galaxy A25 5G 8GB/128GB"
43,67e54d066293190bc2b971a8,"Điện thoại Samsung Galaxy S24 5G 8GB/256GB"
44,67e54d066293190bc2b971a9,"Điện thoại Xiaomi 14T 5G 12GB/512GB Xanh"
45,67e54d066293190bc2b971ac,"Điện thoại Xiaomi 14T Pro 5G 12GB/256GB"
46,67e54d076293190bc2b971ad,"Điện thoại OPPO A3 6GB/128GB"
47,67e54d076293190bc2b971b0,"Điện thoại Tecno Spark GO 1 3GB/64GB"
48,67e54d076293190bc2b971b1,"Điện thoại OPPO Reno12 F 8GB/256GB"
49,67e54d086293190bc2b971b2,"Điện thoại realme C65s 6GB/128GB"
50,67e54d086293190bc2b971b5,"Điện thoại vivo Y19s 4GB/128GB"
51,67e54d096293190bc2b971b8,"Điện thoại HONOR X8b 8GB/512GB"
52,67e54d096293190bc2b971b9,"Điện thoại HONOR X6b 6GB/128GB Tím"
53,67e54d096293190bc2b971bb,"Điện thoại Samsung Galaxy S24+ 5G 12GB/256GB"
54,67e54d0a6293190bc2b971bc,"Điện thoại iPhone 13 128GB"
55,67e54d0a6293190bc2b971be,"Điện thoại iPhone 12 64GB"
56,67e54d0b6293190bc2b971c0,"Điện thoại Xiaomi Redmi 13 6GB/128GB"
57,67e54d0b6293190bc2b971c2,"Điện thoại Xiaomi Redmi A3 3GB/64GB"
58,67e54d0b6293190bc2b971c3,"Điện thoại Xiaomi Redmi 14C 4GB/128GB"
59,67e54d0c6293190bc2b971c5,"Điện thoại OPPO Find X8 5G 16GB/512GB"
60,67e54d0c6293190bc2b971c7,"Điện thoại realme 12 8GB/256GB"
61,67e54d0d6293190bc2b971c9,"Điện thoại vivo Y03 4GB/64GB"
62,67e54d0d6293190bc2b971cb,"Điện thoại realme Note 60 4GB/128GB"
63,67e54d0e6293190bc2b971ce,"Điện thoại vivo V30e 5G 8GB/256GB"
64,67e54d0e6293190bc2b971d0,"Điện thoại realme Note 50 3GB/64GB"
65,67e54d0e6293190bc2b971d2,"Điện thoại vivo V30 5G 12GB/512GB"
66,67e54d0f6293190bc2b971d3,"Điện thoại realme C61 4GB/128GB"
67,67e54d0f6293190bc2b971d4,"Điện thoại Viettel Sumo 4G T2"
68,67e54d106293190bc2b971d5,"Điện thoại Nokia 105 4G Pro"
69,67e54d106293190bc2b971d6,"Điện thoại Benco 4G G3"
70,67e54d106293190bc2b971d7,"Điện thoại Samsung Galaxy A55 5G 8GB/256GB"
71,67e54d106293190bc2b971d9,"Điện thoại Masstel IZI T6 4G"
72,67e54d116293190bc2b971da,"Điện thoại Mobell M239 4G"
73,67e54d116293190bc2b971db,"Điện thoại Nokia HMD 105 4G"
74,67e54d116293190bc2b971dc,"Điện thoại Nokia 220 4G"
75,67e54d116293190bc2b971dd,"Điện thoại Masstel IZI 10"
76,67e54d126293190bc2b971de,"Điện thoại Samsung Galaxy M35 5G 8GB/256GB"
77,67e54d126293190bc2b971df,"Điện thoại Nokia 110 4G Pro"
78,67e54d126293190bc2b971e0,"Điện thoại Masstel Fami 50 4G"
79,67e54d126293190bc2b971e1,"Điện thoại Mobell F309 4G"
80,67e54d136293190bc2b971e2,"Điện thoại OPPO Reno12 5G 12GB/256GB"
81,67e54d136293190bc2b971e4,"Điện thoại Samsung Galaxy S25 Plus 5G 12GB/256GB"
82,67e54d146293190bc2b971e6,"Điện thoại HONOR X7c 8GB/256GB"
83,67e54d146293190bc2b971e7,"Điện thoại Samsung Galaxy A16 4GB/128GB"
84,67e54d146293190bc2b971ea,"Điện thoại Samsung Galaxy M15 5G 4GB/128GB"
85,67e54d156293190bc2b971ec,"Điện thoại Mobell M539"
86,67e54d156293190bc2b971ed,"Điện thoại Mobell M331 4G"
87,67e54d156293190bc2b971ee,"Điện thoại Mobell F209"
88,67e54d166293190bc2b971ef,"Điện thoại Masstel Fami 60S 4G"
89,67e54d166293190bc2b971f0,"Điện thoại vivo Y18 4GB/128GB"
90,67e54d166293190bc2b971f2,"Điện thoại OPPO Reno12 5G 12GB/256GB Hồng"
91,67e54d166293190bc2b971f3,"Điện thoại Nokia 3210 4G"
92,67e54d176293190bc2b971f4,"Điện thoại Samsung Galaxy Z Flip6 5G 12GB/256GB"
93,67e54d176293190bc2b971f6,"Điện thoại OPPO Reno12 Pro 5G 12GB/512GB"
94,67e54d186293190bc2b971f7,"Điện thoại Samsung Galaxy M54 5G 8GB/256GB"
95,67e54d186293190bc2b971f8,"Điện thoại Itel it9211"
96,67e54d186293190bc2b971f9,"Điện thoại Itel it9310"
97,67e54d186293190bc2b971fa,"Điện thoại OPPO Reno12 F 5G 8GB/256GB"
98,67e54d186293190bc2b971fc,"Điện thoại OPPO A38 6GB/128GB"
99,67e54d196293190bc2b971fd,"Điện thoại Samsung Galaxy S23 FE 5G 8GB/128GB Xanh mint/Trắng"
100,67e54d196293190bc2b971fe,"Điện thoại OPPO Find N3 Flip 5G 12GB/256GB Hồng"
101,67e54d196293190bc2b97200,"Điện thoại HONOR 200 5G 12GB/256GB"
102,67e54d196293190bc2b97202,"Điện thoại vivo Y100 8GB/128GB"
103,67e54d1a6293190bc2b97204,"Điện thoại HONOR Magic V3 5G 12GB/512GB"
104,67e54d1a6293190bc2b97205,"Điện thoại OPPO Find N3 5G 16GB/512GB"
105,67e54d1a6293190bc2b97206,"Điện thoại OPPO A58 8GB/128GB"
106,67e54d1a6293190bc2b97207,"Điện thoại Itel it2600"
107,67e54d246293190bc2b97208,"Laptop Asus Vivobook Go 15 E1504FA R5 7520U/16GB/512GB/Chuột/Win11 (NJ776W)"
108,67e54d246293190bc2b97209,"Laptop HP 15 fc0085AU R5 7430U/16GB/512GB/Win11 (A6VV8PA)"
109,67e54d246293190bc2b9720a,"Laptop Dell Inspiron 15 3520 i5 1235U/16GB/512GB/120Hz/OfficeHS/Win11 (N5I5057W1)"
110,67e54d246293190bc2b9720b,"Laptop MacBook Air 13 inch M1 8GB/256GB (MGN63SA/A)"
111,67e54d256293190bc2b9720c,"Laptop Lenovo Ideapad Slim 3 15IAH8 i5 12450H/16GB/512GB/Win11 (83ER000EVN)"
112,67e54d256293190bc2b9720d,"Laptop Acer Nitro V 15 ANV15 41 R2UP R5 6600H/16GB/512GB/4GB RTX2050/165Hz/Win11 (NH.QPGSV.004)"
113,67e54d256293190bc2b9720e,"Laptop HP 15 fd0234TU i5 1334U/16GB/512GB/Win11 (9Q969PA)"
114,67e54d256293190bc2b9720f,"Laptop Asus Vivobook 15 X1504ZA i5 1235U/16GB/512GB/Win11 (NJ1608W)"
115,67e54d256293190bc2b97210,"Laptop Lenovo Gaming LOQ Essential 15IAX9E i5 12450HX/16GB/512GB/4GB RTX2050/144Hz/Win11 (83LK000BVN)"
116,67e54d256293190bc2b97211,"Laptop Acer Nitro V 15 ANV15 41 R1JY R5 6600H/16GB/512GB/6GB RTX3050/165Hz/Win11 (NH.QPFSV.001)"
117,67e54d266293190bc2b97212,"Laptop HP 15 fd0303TU i3 1315U/8GB/512GB/Win11 (A2NL4PA)"
118,67e54d266293190bc2b97213,"Laptop Dell Inspiron 15 3520 i5 1235U/16GB/512GB/120Hz/OfficeHS/KYHD/Win11"
119,67e54d266293190bc2b97214,"Laptop Asus Vivobook 15 X1504ZA i3 1215U/8GB/512GB/Win11 (NJ102W)"
120,67e54d266293190bc2b97215,"Laptop Lenovo Ideapad Slim 3 15AMN8 R5 7520U/16GB/512GB/Win11 (82XQ00J0VN)"
121,67e54d266293190bc2b97216,"Laptop Acer Aspire 16 AI A16 71M 59L5 Ultra 5 125H/16GB/512GB/Win11 (NX.J4YSV.001)"
122,67e54d266293190bc2b97217,"Laptop MacBook Air 13 inch M2 16GB/256GB"
123,67e54d276293190bc2b97218,"Laptop Asus Vivobook 15 OLED A1505ZA i5 12500H/16GB/512GB/120Hz/Win11 (MA415W)"
124,67e54d276293190bc2b97219,"Laptop HP 240 G9 i5 1235U/16GB/512GB/Win11 (AG2J7AT)"
125,67e54d276293190bc2b9721a,"Laptop Lenovo Ideapad Slim 5 14IAH8 i5 12450H/16GB/1TB/Win11 (83BF003WVN)"
126,67e54d276293190bc2b9721b,"Laptop Acer Aspire 16 AI A16 71M 71U7 Ultra 7 155H/16GB/512GB/Win11 (NX.J4YSV.002)"
127,67e54d276293190bc2b9721c,"Laptop Acer Aspire 7 A715 76 53PJ i5 12450H/16GB/512GB/Win11 (NH.QGESV.007)"
128,67e54d276293190bc2b9721d,"Laptop Asus Vivobook X1404ZA i5 1235U/16GB/512GB/Win11 (NK376W)"
129,67e54d286293190bc2b9721e,"Laptop Dell Inspiron 15 3520 i5 1235U/16GB/512GB/120Hz/OfficeHS/Win11 (N3520-i5U165W11BLU-FP)"
130,67e54d286293190bc2b9721f,"Laptop HP 245 G10 R5 7530U/8GB/512GB/Win11 (A20TDPT)"
131,67e54d286293190bc2b97220,"Laptop Acer Aspire Lite 14 51M 36PN i3 1215U/8GB/512GB/Win11 (NX.KTWSV.001)"
132,67e54d286293190bc2b97221,"Laptop Lenovo Gaming LOQ 15IAX9 i5 12450HX/16GB/512GB/6GB RTX3050/144Hz/Win11 (83GS000JVN)"
133,67e54d286293190bc2b97222,"Laptop HP 240 G9 i3 1215U/8GB/512GB/Win11 (AG2J5AT)"
134,67e54d286293190bc2b97223,"Laptop Acer Aspire 3 A314 42P R3B3 R7 5700U/16GB/512GB/Win11 (NX.KSFSV.001)"
135,67e54d296293190bc2b97224,"Laptop Acer Aspire Lite 14 51M 36MH i3 1215U/8GB/256GB/Win11 (NX.KTVSV.001)"
136,67e54d296293190bc2b97225,"Laptop Asus Vivobook X1404ZA i3 1215U/8GB/512GB/Win11 (NK246W)"
137,67e54d296293190bc2b97226,"Laptop Lenovo Gaming LOQ 15IAX9 i5 12450HX/24GB/512GB/6GB RTX3050/144Hz/Win11 (83GS00D9VN)"
138,67e54d296293190bc2b97227,"Laptop MSI Gaming Thin 15 B12UCX i5 12450H/16GB/512GB/4GB RTX2050/144Hz/Balo/Win11 (2046VN)"
139,67e54d296293190bc2b97228,"Laptop HP Pavilion 15 eg3093TU i5 1335U/16GB/512GB/Win11 (8C5L4PA)"
140,67e54d296293190bc2b97229,"Laptop Dell Inspiron 15 3520 i7 1255U/16GB/512GB/120Hz/OfficeHS/KYHD/Win11 (N5I7125W1)"
141,67e54d296293190bc2b9722a,"Laptop Acer Aspire 3 A315 44P R9W8 R7 5700U/8GB/512GB/Win11 (NX.KSJSV.002)"
142,67e54d2a6293190bc2b9722b,"Laptop Acer Gaming Aspire 5 A515 58GM 51LB i5 13420H/16GB/512GB/4GB RTX2050/Win11 (NX.KQ4SV.002)"
143,67e54d2a6293190bc2b9722c,"Laptop Asus Gaming Vivobook K3605ZF i5 12500H/16GB/512GB/4GB RTX2050/Win11 (RP745W)"
144,67e54d2a6293190bc2b9722d,"Laptop Lenovo Ideapad Slim 3 15IRH8 i7 13620H/16GB/1TB/Win11 (83EM003FVN)"
145,67e54d2a6293190bc2b9722e,"Laptop MSI Gaming GF63 Thin 12VE i5 12450H/16GB/512GB/6GB RTX4050/144Hz/Win11 (460VN)"
146,67e54d2a6293190bc2b9722f,"Laptop Dell Inspiron 15 3520 i5 1235U/16GB/512GB/120Hz/OfficeHS/Win11 (N5I5052W1)"
147,67e54d2a6293190bc2b97230,"Laptop Acer Aspire Lite 14 51M 59BN i5 1235U/16GB/512GB/Win11 (NX.KTXSV.001)"
148,67e54d2b6293190bc2b97231,"Laptop Asus Gaming Vivobook K3605ZC i5 12500H/16GB/512GB/4GB RTX3050/Win11 (RP629W)"
149,67e54d2b6293190bc2b97232,"Laptop Acer Aspire 5 A515 58P 34RJ i3 1315U/8GB/512GB/Win11 (NX.KHJSV.003)"
150,67e54d2b6293190bc2b97233,"Laptop Asus TUF Gaming F15 FX507ZC4 i5 12500H/16GB/512GB/4GB RTX3050/144Hz/Win11 (HN330W)"
151,67e54d2b6293190bc2b97234,"Laptop MSI Gaming Thin 15 B12UC i5 12450H/16GB/512GB/4GB RTX3050/144Hz/Balo/Win11 (2045VN)"
152,67e54d2b6293190bc2b97235,"Laptop Lenovo Ideapad 1 15ALC7 R7 5700U/16GB/512GB/Win11 (82R400C1VN)"
153,67e54d2b6293190bc2b97236,"Laptop HP Gaming VICTUS 15 fb1022AX R5 7535HS/16GB/512GB/4GB RTX2050/144Hz/Win11 (94F19PA)"
154,67e54d2b6293190bc2b97237,"Laptop HP 15 fd0015TU i7 1355U/16GB/512GB/Win11 (A19C5PA)"
155,67e54d2c6293190bc2b97238,"Laptop Dell Latitude 3440 i5 1235U/16GB/512GB/Win11 (L3440-I51235U-16G512G)"
156,67e54d2c6293190bc2b97239,"Laptop Asus Vivobook 15 X1504ZA i5 1235U/16GB/512GB/Win11 (NJ1546W)"
157,67e54d2c6293190bc2b9723a,"Laptop MSI Modern 15 B12MO i5 1235U/16GB/512GB/Win11 (628VN)"
158,67e54d2c6293190bc2b9723b,"Laptop Asus Zenbook 14 OLED UX3402VA i5 13500H/16GB/512GB/90Hz/Win11 (KM657W)"
159,67e54d2c6293190bc2b9723c,"Laptop Acer Gaming Aspire 5 A515 58GM 53PZ i5 13420H/8GB/512GB/4GB RTX2050/Win11 (NX.KQ4SV.008)"
160,67e54d2c6293190bc2b9723d,"Laptop MacBook Air 13 inch M3 16GB/512GB (MXCV3SA/A)"
161,67e54d2d6293190bc2b9723e,"Laptop Acer Aspire 5 A515 58M 56YX i5 13420H/16GB/512GB/Win11 (NX.KQ8SV.005)"
162,67e54d2d6293190bc2b9723f,"Laptop Lenovo Ideapad Slim 5 15IRU9 Core 5 120U/16GB/512GB/Win11 (83D0000EVN)"
163,67e54d2d6293190bc2b97240,"Laptop HP Gaming VICTUS 15 fa1139TX i5 12450H/16GB/512GB/4GB RTX2050/144Hz/Win11 (8Y6W3PA)"
164,67e54d2d6293190bc2b97241,"Laptop Dell Inspiron 15 3520 i5 1235U/8GB/512GB/120Hz/OfficeHS/Win11 (N3520-i5U085W11SLU)"
165,67e54d2e6293190bc2b97242,"Laptop Asus TUF Gaming A15 FA506NFR R7 7435HS/16GB/512GB/4GB RTX2050/144Hz/Win11 (HN113W)"
166,67e54d2e6293190bc2b97243,"Laptop HP 240 G10 i5 1335U/16GB/512GB/Win11 (9H2E4PT)"
167,67e54d2e6293190bc2b97244,"Laptop Asus Vivobook 15 OLED A1505VA i5 13500H/16GB/512GB/Chuột/Win11 (L1341W)"
168,67e54d2e6293190bc2b97245,"Laptop Acer Predator Helios Neo PHN16 71 53M7 i5 13500HX/16GB/512GB/8GB RTX4060/165Hz/Win11 (NH.QLUSV.005)"
169,67e54d2e6293190bc2b97246,"Laptop MSI Thin 15 B13UC i7 13620H/32GB/512GB/4GB RTX3050/144Hz/Balo/Win11 (1411VN)"
170,67e54d2e6293190bc2b97247,"Laptop Lenovo Gaming LOQ 15ARP9 R7 7435HS/24GB/512GB/6GB RTX4050/144Hz/Win11 (83JC0040VN)"
171,67e54d2f6293190bc2b97248,"Laptop Lenovo Ideapad Slim 3 16IRH10 i5 13420H/24GB/512GB/Win11 (83K20003VN)"
172,67e54d2f6293190bc2b97249,"Laptop Lenovo IdeaPad Slim 3 15IRH10 i5 13420H/16GB/512GB/Win11 (83K1000HVN)"
173,67e54d2f6293190bc2b9724a,"Laptop Acer Aspire Lite 16 G2 AL16 52P 572A i5 1334U/16GB/512GB/Win11 (NX.J2SSV.004)"
174,67e54d2f6293190bc2b9724b,"Laptop Asus TUF Gaming A15 FA506NCR R7 7435HS/16GB/512GB/4GB RTX3050/144Hz/Win11 (HN097W)"
175,67e54d2f6293190bc2b9724c,"Laptop HP Pavilion X360 14 ek2024TU Core 5 120U/16GB/512GB/Touch/Pen/Win11 (9Z2V6PA)"
176,67e54d2f6293190bc2b9724d,"Laptop HP 240 G8 i3 1115G4/8GB/512GB/Win11 (6L1A2PA)"
177,67e54d306293190bc2b9724e,"Laptop Acer Aspire Lite AL16 51P 596H i5 1235U/8GB/512GB/Win11 (NX.KWZSV.002)"
178,67e54d306293190bc2b9724f,"Laptop Asus Gaming TUF A15 FA507NUR R7 7435HS/16GB/512GB/6GB RTX4050/144Hz/Win11 (LP057W)"
179,67e54d306293190bc2b97250,"Laptop Dell Vostro 3530 i5 1335U/16GB/512GB/120Hz/OfficeHS/Win11 (80GG93)"
180,67e54d306293190bc2b97251,"Laptop MSI Gaming Katana 15 B13UDXK i7 13620H/16GB/1TB/6GB RTX3050/144Hz/Balo/Win11 (2077VN)"
181,67e54d306293190bc2b97252,"Laptop Lenovo V14 G4 i7 1355U/16GB/512GB/Win11 (83A00012VN)"
182,67e54d306293190bc2b97253,"Laptop GIGABYTE G5 MF5 RC555 i5 13500H/16GB/512GB/6GB RTX4050/144Hz/Win11 (9RC55MF5FEIAA1VN0C0)"
183,67e54d306293190bc2b97254,"Laptop Asus Vivobook 16 X1605VA i5 1335U/16GB/512GB/Win11 (MB360W)"
184,67e54d316293190bc2b97255,"Laptop Dell Inspiron 15 3530 i7 1355U/16GB/512GB/120Hz/OfficeHS/Win11 (71043888)"
185,67e54d316293190bc2b97256,"Laptop Acer Aspire 3 A315 59 5283 i5 1235U/8GB/512GB/Win11 (NX.K6TSV.00B)"
186,67e54d316293190bc2b97257,"Laptop HP Pavilion 15 eg3091TU i7 1355U/16GB/512GB/Win11 (8C5L2PA)"
187,67e54d316293190bc2b97258,"Laptop Asus Vivobook 15 OLED A1505VA i5 13500H/16GB/512GB/120Hz/Win11 (MA467W)"
188,67e54d316293190bc2b97259,"Laptop HP 15 fd1063TU Ultra 5 125H/16GB/512GB/Win11 (9Z2Y1PA)"
189,67e54d316293190bc2b9725a,"Laptop Lenovo IdeaPad Slim 3 15IRH10 i7 13620H/24GB/512GB/Win11 (83K1000FVN)"
190,67e54d326293190bc2b9725b,"Laptop Asus Zenbook 14 OLED UX3405MA Ultra 5 125H/16GB/512GB/Túi/Win11"
191,67e54d326293190bc2b9725c,"Laptop MSI Gaming Cyborg 15 A13VEK i7 13620H/16GB/512GB/6GB RTX4050/144Hz/Balo/Win11 (1423VN)"
192,67e54d326293190bc2b9725d,"Laptop Lenovo Gaming LOQ 15IAX9 i5 12450HX/24GB/512GB/4GB RTX2050/144Hz/Win11 (83GS00DBVN)"
193,67e54d326293190bc2b9725e,"Laptop HP Pavilion 15 eg2088TU i7 1260P/16GB/512GB/Win11 (7C0R0PA)"
194,67e54d326293190bc2b9725f,"Laptop Acer Aspire Lite AL14 52M 54CJ i5 1334U/16GB/512GB/Win11 (NX.J39SV.002)"
195,67e54d326293190bc2b97260,"Laptop Dell Inspiron 15 3530 i5 1334U/16GB/512GB/120Hz/OfficeHS/Win11 (N3530-i5U165W11SLU)"
196,67e54d336293190bc2b97261,"Laptop Asus Vivobook 14 X1404VA i5 1335U/16GB/512GB/Win11 (NK050W)"
197,67e54d336293190bc2b97262,"Laptop Acer Gaming Aspire 7 A715 76G 5806 i5 12450H/16GB/512GB/4GB RTX3050/144Hz/Win11 (NH.QMFSV.002)"
198,67e54d336293190bc2b97263,"Laptop HP Pavilion 15 eg2081TU i5 1240P/16GB/512GB/Win11 (7C0Q4PA)"
199,67e54d336293190bc2b97264,"Laptop Asus TUF Gaming F15 FX507VV i7 13620H/16GB/512GB/8GB RTX4060/15.6"F/144Hz/Win11 (LP151W)"
200,67e54d336293190bc2b97265,"Laptop HP 240 G9 i5 1235U/16GB/512GB/Win11 (9T2G2PT)"
201,67e54d336293190bc2b97266,"Laptop Acer Gaming Nitro AN515 58 773Y i7 12700H/16GB/512GB/4GB RTX3050Ti/144Hz/Win11 (NH.QFKSV.001.16G)"
202,67e54d346293190bc2b97267,"Laptop Lenovo ThinkBook 14 G6 i7 1355U/16GB/512GB/Win11 (21KG00BQVN)"
203,67e54d346293190bc2b97268,"Laptop MSI Gaming GF63 Thin 12VE i5 12450H/8GB/512GB/6GB RTX4050/144Hz/Win11 (460VN)"
204,67e54d346293190bc2b97269,"Laptop Asus Zenbook 14 UX3405CA Ultra 5 225H/16GB/512GB/120Hz/Touch/OfficeHS24+365/Win11 (PZ187WS)"
205,67e54d346293190bc2b9726a,"Laptop Dell Vostro 3520 i5 1235U/16GB/512GB/120Hz/OfficeHS/Win11 (71030559)"
206,67e54d346293190bc2b9726b,"Laptop Acer Swift Go 14 41 R251 R5 7430U/16GB/1TB/Win11 (NX.KG3SV.005)"
207,67e54d346293190bc2b9726c,"Laptop Asus TUF Gaming A15 FA507NVR R7 7435HS/16GB/512GB/8GB RTX4060/144Hz/Win11 (LP007W)"
208,67e54d346293190bc2b9726d,"Laptop Dell Inspiron 15 3520 i7 1255U/16GB/512GB/120Hz/OfficeHS/Win11 (N3520-i7U165W11BLU-FP)"
209,67e54d356293190bc2b9726e,"Laptop Asus Vivobook 15 OLED A1505VA i9 13900H/16GB/512GB/120Hz/OfficeHS/Win11 (MA586WS)"
210,67e54d356293190bc2b9726f,"Laptop HP 240 G9 i3 1215U/8GB/512GB/Win11 (6L1X8PA)"
211,67e54d356293190bc2b97270,"Laptop MacBook Air 13 inch M2 16GB/512GB/10GPU"
212,67e54d356293190bc2b97271,"Laptop Asus TUF Gaming F15 FX507ZC4 i7 12700H/16GB/512GB/4GB RTX3050/144Hz/Win11 (HNi7MW)"
213,67e54d356293190bc2b97272,"Laptop HP 240 G9 i5 1235U/8GB/512GB/Win11 (6L1Y2PA)"
214,67e54d356293190bc2b97273,"Laptop MSI Gaming Thin 15 B13UCX i5 13420H/16GB/512GB/4GB RTX2050/144Hz/Balo/Win11 (2080VN)"
215,67e54d366293190bc2b97274,"Laptop Lenovo IdeaPad Slim 5 14IMH9 Ultra 7 155H/32GB/1TB/Win11 (83DA0020VN)"
216,67e54d366293190bc2b97275,"Laptop Acer Gaming Nitro V ANV15 51 58AN i5 13420H/8GB/512GB/4GB RTX2050/144Hz/Win11 (NH.QNASV.001)"
217,67e54d366293190bc2b97276,"Laptop Lenovo IdeaPad 5 2in1 14IRH9 i5 13420H/16GB/512GB/Touch/Pen/Win11 (83KX003WVN)"
218,67e54d366293190bc2b97277,"Laptop Dell Inspiron 15 3530 i5 1334U/16GB/512GB/120Hz/OfficeHS/KYHD/Win11 (71043885)"
219,67e54d366293190bc2b97278,"Laptop Dell Inspiron 15 3530 i5 1334U/16GB/512GB/120Hz/OfficeHS/Win11 (N5I5340W1)"
220,67e54d366293190bc2b97279,"Laptop Asus Vivobook S 14 OLED S5406MA Ultra 5 125H/16GB/1TB/120Hz/Win11 (PP136W)"
221,67e54d376293190bc2b9727a,"Laptop HP Pavilion X360 14 ek2027TU Core 7 150U/16GB/512GB/Touch/Pen/Win11 (9Z2V9PA)"
222,67e54d376293190bc2b9727b,"Laptop HP 15s fq5147TU i7 1255U/8GB/512GB/Win11 (7C133PA)"
223,67e54d376293190bc2b9727c,"Laptop GIGABYTE G5 MF5 RC555 i7 13620H/16GB/512GB/6GB RTX4050/144Hz/Win11 (9RC55MF5FJIINIVN000)"
224,67e54d376293190bc2b9727d,"Laptop MSI Gaming GF63 Thin 12UC i7 12650H/8GB/512GB/4GB RTX3050/144Hz/Win11 (887VN)"
225,67e54d376293190bc2b9727e,"Laptop Acer Aspire 5 A514 56P 54TN i5 1335U/8GB/512GB/Win11 (NX.KHRSV.004)"
226,67e54d376293190bc2b9727f,"Laptop MSI Modern 14 C13M i5 1335U/16GB/512GB/Win11 (611VN)"
227,67e54d376293190bc2b97280,"Laptop Asus Zenbook A14 UX3407QA X1 26 100/16GB/512GB/OfficeHS24+365/Win11 (QD299WS)"
228,67e54d386293190bc2b97281,"Laptop MSI Modern 15 F13MG i5 1335U/16GB/512GB/Túi/Win11 (082VN)"
229,67e54d386293190bc2b97282,"Laptop Acer Aspire Lite 16 G2 AL16 52P 76DU i7 1355U/16GB/512GB/Win11 (NX.J2SSV.005)"
230,67e54d386293190bc2b97283,"Laptop Acer Gaming Nitro 5 Tiger AN515 58 52SP i5 12500H/8GB/512GB/4GB RTX3050/144Hz/Win11 (NH.QFHSV.001)"
231,67e54d386293190bc2b97284,"Laptop Asus Gaming Vivobook K3605ZU i5 12500H/16GB/512GB/6GB RTX4050/144Hz/Win11 (RP296W)"
232,67e54d386293190bc2b97285,"Laptop Lenovo ThinkBook 16 G6 i5 13420H/16GB/512GB/Win11 (21KH00Q0VN)"
233,67e54d386293190bc2b97286,"Laptop MSI Gaming Katana 15 B13VFK i7 13620H/16GB/1TB/8GB RTX4060/144Hz/Balo/Win11 (676VN)"
234,67e54d396293190bc2b97287,"Laptop Dell Vostro 15 3520 i5 1235U/16GB/512GB/120Hz/OfficeHS/Win11 (V3520-i5U165W11GRU)"
235,67e54d396293190bc2b97288,"Laptop Lenovo ThinkPad E14 Gen 6 Ultra 5 125U/32GB/1TB/Win11 (21M7004LVN)"
236,67e54d396293190bc2b97289,"Laptop HP Pavilion 15 eg2082TU i5 1240P/8GB/512GB/Win11 (7C0Q5PA)"
237,67e54d396293190bc2b9728a,"Laptop HP Elitebook 630 G10 i5 1335U/16GB/512GB/Win11 (9J0B4PT)"
238,67e54d396293190bc2b9728b,"Laptop HP Probook 450 G10 i5 1335U/16GB/512GB/Win11 (873D1PA)"
239,67e54d3a6293190bc2b9728c,"Laptop Lenovo Ideapad Slim 5 14IMH9 Ultra 7 155H/32GB/512GB/Win11 (83DA001YVN)"
240,67e54d3a6293190bc2b9728d,"Laptop Dell Inspiron 15 3520 i7 1255U/16GB/512GB/120Hz/OfficeHS/Win11 (71053682)"
241,67e54d3a6293190bc2b9728e,"Laptop Dell Inspiron 15 3520 i7 1255U/16GB/512GB/120Hz/OfficeHS/KYHD/Win11 (25P2315)"
242,67e54d3a6293190bc2b9728f,"Laptop Dell Vostro 15 3520 i5 1235U/8GB/512GB/120Hz/OfficeHS/Win11 (5M2TT2)"
243,67e54d3a6293190bc2b97290,"Laptop HP Envy X360 14 fa0050AU R5 8640HS/16GB/512GB/Touch/Pen/Win11 (A29H8PA)"
244,67e54d3a6293190bc2b97291,"Laptop Acer Swift Lite 14 AI SFL14 51M 56HS Ultra 5 125U/16GB/512GB/Win11 (NX.J1HSV.002)"
245,67e54d3a6293190bc2b97292,"Laptop Acer Aspire Lite 15 51M 55NB i5 1155G7/8GB/512GB/Win11 (NX.KRSSV.001)"
246,67e54d3b6293190bc2b97293,"Laptop Acer Gaming Nitro 5 Tiger AN515 58 769J i7 12700H/8GB/512GB/4GB RTX3050/144Hz/Win11 (NH.QFHSV.003)"
247,67e54d3b6293190bc2b97294,"Laptop Asus Vivobook 16 X1605VA i5 13420H/16GB/512GB/OfficeHS24+365/Win11 (MB1876WS)"
248,67e54d3b6293190bc2b97295,"Laptop MSI Gaming Stealth 14 AI Studio A1VFG Ultra 7 155H/32GB/1TB/8GB RTX4060/120Hz/Balo/Tai nghe/Móc chìa khóa/Chuột/Lót chuột/Win11 (085VN)"
249,67e54d3b6293190bc2b97296,"Laptop HP Probook 450 G10 i5 1335U/16GB/512GB/Win11 (9H1N5PT)"
250,67e54d3b6293190bc2b97297,"Laptop MSI Gaming Sword 16 HX B14VFKG i7 14700HX/16GB/1TB/8GB RTX4060/240Hz/Balo/Win11 (045VN)"
251,67e54d3b6293190bc2b97298,"Laptop Asus Zenbook 14 OLED UX3405MA Ultra 9 185H/32GB/1TB/120Hz/Túi/Win11 (PP475W)"
252,67e54d3b6293190bc2b97299,"Laptop Lenovo ThinkPad E14 Gen 6 Ultra 7 155U/16GB/512GB/Win11 (21M7004UVN)"
253,67e54d3c6293190bc2b9729a,"Laptop Dell Inspiron 14 5440 Core 7 150U/16GB/1TB/OfficeHS/Win11 (7FN5J)"
254,67e54d3c6293190bc2b9729b,"Laptop Dell Inspiron 15 3530 i7 1355U/16GB/1TB/120Hz/OfficeHS/Win11 (P16WD)"
255,67e54d3c6293190bc2b9729c,"Laptop Asus TUF Gaming F15 FX507VU i7 13620H/16GB/512GB/6GB RTX4050/144Hz/Win11 (LP186W)"
256,67e54d3c6293190bc2b9729d,"Laptop HP Pavilion 15 eg3095TU i5 1335U/8GB/512GB/Win11 (8C5L6PA)"
257,67e54d3c6293190bc2b9729e,"Laptop HP Envy x360 14 fc0094TU Ultra 5 125U/16GB/512GB/Touch/Pen/Win11 (A19C4PA)"
258,67e54d3c6293190bc2b9729f,"Laptop Lenovo IdeaPad Slim 5 14IMH9 Ultra 5 125H/16GB/512GB/Win11 (83DA001NVN)"
259,67e54d3c6293190bc2b972a0,"Laptop Lenovo Gaming LOQ 15IRX9 i7 13650HX/24GB/512GB/6GB RTX4050/144Hz/Win11 (83DV00UGVN)"
260,67e54d3d6293190bc2b972a1,"Laptop Acer Gaming Nitro V ANV15 51 53NE i5 13420H/16GB/512GB/4GB RTX2050/144Hz/Win11 (NH.QNASV.002)"
261,67e54d3d6293190bc2b972a2,"Laptop MSI Prestige 14 AI Studio C1VEG Ultra 7 155H/32GB/1TB/6GB RTX4050/Túi/Win11 (056VN)"
262,67e54d3d6293190bc2b972a3,"Laptop Dell Inspiron 15 3520 i5 1235U/8GB/512GB/120Hz/OfficeHS/Win11 (i5U085W11BLU)"
263,67e54d3d6293190bc2b972a4,"Laptop Dell Inspiron 15 3530 i7 1355U/16GB/512GB/120Hz/Office365/KYHD/Win11 (N5I7301W1)"
264,67e54d3d6293190bc2b972a5,"Laptop MSI Gaming Bravo 15 B7ED R5 7535HS/16GB/512GB/4GB RX6550M/144Hz/Win11 (010VN)"
265,67e54d3d6293190bc2b972a6,"Laptop Lenovo ThinkPad E16 Ultra 7 155H/32GB/1TB/Win11 (21MA004PVN)"
266,67e54d3d6293190bc2b972a7,"Laptop HP Gaming VICTUS 16 s0173AX R5 7640HS/16GB/512GB/6GB RTX3050/144Hz/Win11 (A9LG9PA)"
267,67e54d3e6293190bc2b972a8,"Laptop Acer Swift Go 14 AI SFG14 73 53X7 Ultra 5 125H/16GB/512GB/Win11 (NX.KSLSV.001)"
268,67e54d3e6293190bc2b972a9,"Laptop Acer Aspire 5 A515 58M 79R7 i7 13620H/16GB/512GB/Win11 (NX.KQ8SV.007)"
269,67e54d3e6293190bc2b972aa,"Laptop Asus Vivobook 15 OLED A1505VA i9 13900H/16GB/1TB/Win11 (L1386W)"
270,67e54d3e6293190bc2b972ab,"Laptop Asus ROG Strix G16 G614JV i7 13650HX/32GB/1TB/8GB RTX4060/165Hz/Win11 (N3515W)"
271,67e54d3e6293190bc2b972ac,"Laptop MSI Prestige 13 AI Evo A1MG Ultra 7 155H/32GB/1TB/Balo/Chuột/Win11 (062VN)"
272,67e54d3e6293190bc2b972ad,"Laptop Lenovo V15 G4 IRU i5 1335U/16GB/512GB/Win11 (83A1000LVN)"
273,67e54d3e6293190bc2b972ae,"Laptop Dell Inspiron 16 5640 Core 7 150U/16GB/1TB/OfficeHS/Win11 (N5640-C7U161W11IBU)"
274,67e54d3f6293190bc2b972af,"Laptop Dell Inspiron 15 3530 i7 1355U/16GB/512GB/120Hz/OfficeHS/Win11 (71026454)"
275,67e54d3f6293190bc2b972b0,"Laptop Asus TUF Gaming F15 FX507ZC4 i5 12500H/16GB/1TB/4GB RTX3050/144Hz/Win11 (HN229W)"
276,67e54d3f6293190bc2b972b1,"Laptop Asus Vivobook 15 X1504VA i3 1315U/8GB/512GB/Win11 (NJ1634W)"
277,67e54d3f6293190bc2b972b2,"Laptop Acer Gaming Nitro V ANV15 51 55CA i5 13420H/16GB/512GB/6GB RTX4050/144Hz/Win11 (NH.QN8SV.004)"
278,67e54d3f6293190bc2b972b3,"Laptop MSI Gaming Cyborg 14 A13VE i7 13620H/16GB/512GB/6GB RTX4050/144Hz/Balo/Win11 (090VN)"
279,67e54d3f6293190bc2b972b4,"Laptop Lenovo Gaming Legion 5 16IRX9 i7 14650HX/16GB/1TB/8GB RTX4060/165Hz/Win11 (83DG0051VN)"
280,67e54d3f6293190bc2b972b5,"Laptop Lenovo ThinkBook 14 G7 Ultra 7 155U/32GB/1TB/Win11 (21MR0070VN)"
281,67e54d406293190bc2b972b6,"Laptop Lenovo Gaming Legion Pro 5 16IRX9 i9 14900HX/32GB/1TB/8GB RTX4060/240Hz/Win11 (83DF0047VN)"
282,67e54d406293190bc2b972b7,"Laptop Lenovo Yoga Pro 7 14IMH9 Ultra 7 155H/32GB/1TB/6GB RTX4050/120Hz/OfficeHS/Win11 (83E2005DVN)"
283,67e54d406293190bc2b972b8,"Laptop HP Elitebook 630 G11 Ultra 7 155U/16GB/512GB/Win11 (A7LC5PT)"
284,67e54d406293190bc2b972b9,"Laptop Lenovo V14 Core 5 120U/16GB/512GB/Win11 (83HD0001VN)"
285,67e54d406293190bc2b972ba,"Laptop Dell Inspiron 15 3520 i5 1235U/8GB/512GB/120Hz/OfficeHS/KYHD/Win11 (71027003)"
286,67e54d406293190bc2b972bb,"Laptop Asus TUF Gaming F15 FX507ZC4 i7 12700H/16GB/512GB/4GB RTX3050/144Hz/Win11 (HN181W)"
287,67e54d406293190bc2b972bc,"Laptop Lenovo ThinkBook 16 G7 Ultra 7 155U/32GB/1TB/Win11 (21MS007HVN)"
288,67e54d416293190bc2b972bd,"Laptop Acer Aspire 5 A514 54 5127 i5 1135G7/8GB/512GB/Win11 (NX.A28SV.007)"
289,67e54d416293190bc2b972be,"Laptop Acer Nitro V 16 ProPanel ANV16 41 R6ZY R5 8645HS/16GB/512GB/6GB RTX3050/165Hz/Win11 (NH.QP2SV.002)"
290,67e54d416293190bc2b972bf,"Laptop HP Pavilion 15 eg3094TU i5 1335U/8GB/512GB/Win11 (8C5L5PA)"
291,67e54d416293190bc2b972c0,"Laptop Dell Inspiron 16 5640 Core 7 150U/16GB/1TB/2GB MX570A/OfficeHS/Win11 (KHPF5)"
292,67e54d416293190bc2b972c1,"Laptop Acer Gaming Nitro 5 Tiger AN515 58 773Y i7 12700H/8GB/512GB/4GB RTX3050Ti/144Hz/Win11 (NH.QFKSV.001)"
293,67e54d416293190bc2b972c2,"Laptop MSI Gaming Cyborg 15 AI A1VEK Ultra 7 155H/16GB/512GB/6GB RTX4050/144Hz/Balo/Win11 (053VN)"
294,67e54d416293190bc2b972c3,"Laptop Dell Inspiron 15 3530 i5 1334U/16GB/512GB/120Hz/OfficeHS/Win11 (P16WD2)"
295,67e54d426293190bc2b972c4,"Laptop Dell Inspiron 15 3520 i5 1235U/16GB/512GB/120Hz/OfficeHS/KYHD/Win11 (71043883)"
296,67e54d426293190bc2b972c5,"Laptop Asus Vivobook 15 X1504VA i7 1355U/16GB/512GB/Win11 (NJ023W)"
297,67e54d426293190bc2b972c6,"Laptop Asus Vivobook S 16 OLED S5606MA Ultra 5 125H/16GB/512GB/120Hz/Win11 (MX050W)"
298,67e54d426293190bc2b972c7,"Laptop Dell Inspiron 15 3530 i7 1355U/16GB/1TB/120Hz/OfficeHS/Win11 (N3530-i7U161W11BLU-FP)"
299,67e54d426293190bc2b972c8,"Laptop Lenovo Yoga Slim 7 14IMH9 Ultra 7 155H/32GB/1TB/OfficeHS/Win11 (83CV001VVN)"
300,67e54d426293190bc2b972c9,"Laptop Acer Gaming Nitro V ANV15 51 57B2 i5 13420H/8GB/512GB/6GB RTX4050/144Hz/Win11 (NH.QN8SV.001)"
301,67e54d436293190bc2b972ca,"Laptop HP Elitebook 630 G10 i7 1355U/16GB/512GB/Win11 (9H1N9PT)"
302,67e54d436293190bc2b972cb,"Laptop Acer Aspire 3 A315 58 529V i5 1135G7/8GB/256GB/Win11 (NX.ADDSV.00N)"
303,67e54d436293190bc2b972cc,"Laptop Lenovo Gaming LOQ 15ARP9 R7 7435HS/24GB/512GB/8GB RTX4060/144Hz/Win11 (83JC003YVN)"
304,67e54d436293190bc2b972cd,"Laptop MSI Gaming Katana A15 AI B8VF R7 8845HS/16GB/512GB/8GB RTX4060/144Hz/Balo/Win11 (419VN)"
305,67e54d436293190bc2b972ce,"Laptop Lenovo Gaming Legion Pro 5 16IRX9 i9 14900HX/32GB/1TB/8GB RTX4070/240Hz/Win11 (83DF0046VN)"
306,67e54d446293190bc2b972cf,"Laptop Lenovo ThinkPad E14 Ultra 7 155H/32GB/1TB/Win11 (21M70051VN)"
307,67e54d446293190bc2b972d0,"Laptop Asus Vivobook S 14 S5406SA Ultra 5 226V/16GB/512GB/120Hz/OfficeHS/Win11 (PP060WS)"
308,67e54d446293190bc2b972d1,"Laptop Dell Vostro 15 3520 i5 1235U/16GB/512GB/120Hz/OfficeHS/KYHD/Win11 (i5U165W11GRU)"
309,67e54d446293190bc2b972d2,"Laptop HP Envy x360 14 fc0162TU Ultra 5 125U/16GB/512GB/Touch/Pen/OfficeHS/Win11 (AY8X1PA)"
310,67e54d446293190bc2b972d3,"Laptop Asus Zenbook 14 OLED UX3405MA Ultra 7 155H/32GB/1TB/120Hz/Túi/Win11 (PP152W)"
311,67e54d446293190bc2b972d4,"Laptop HP Gaming VICTUS 16 s0078AX R5 7640HS/16GB/512GB/6GB RTX3050/144Hz/Win11 (8C5N7PA)"
312,67e54d456293190bc2b972d5,"Laptop Asus Vivobook 15 X1504VA i5 1335U/8GB/512GB/Win11 (NJ025W)"
313,67e54d456293190bc2b972d6,"Laptop Asus Vivobook 15 OLED A1505ZA i5 12500H/16GB/512GB/Win11 (L1337W)"
314,67e54d456293190bc2b972d7,"Laptop Asus TUF Gaming A15 FA506NF R5 7535HS/16GB/512GB/4GB RTX2050/144Hz/Win11 (HN012W)"
315,67e54d456293190bc2b972d8,"Laptop HP Gaming VICTUS 16 s0077AX R7 7840HS/16GB/512GB/144Hz/6GB RTX3050/Win11 (8C5N6PA)"
316,67e54d456293190bc2b972d9,"Laptop Dell Vostro 3420 i5 1235U/8GB/512GB/OfficeHS/Win11 (V4I5702W1)"
317,67e54d456293190bc2b972da,"Laptop Dell Inspiron 15 3530 i5 1335U/16GB/512GB/120Hz/OfficeHS/Win11 (N5I5791W1)"
318,67e54d466293190bc2b972db,"Laptop Dell Vostro 15 3520 i5 1235U/8GB/512GB/120Hz/OfficeHS/KYHD/Win11 (V5I5610W1)"
319,67e54d466293190bc2b972dc,"Laptop MSI Gaming Katana A15 AI B8VG R7 8845HS/16GB/1TB/8GB RTX4070/144Hz/Balo/Chuột/Bàn di/Win11 (465VN)"
320,67e54d466293190bc2b972dd,"Laptop Dell Inspiron 14 5440 Core 7 150U/16GB/512GB/OfficeHS/Win11 (N4I7204W1)"
321,67e54d466293190bc2b972de,"Laptop Asus Vivobook 16 X1605VA i7 13620H/16GB/512GB/OfficeHS24+365/Win11 (MB1875WS)"
322,67e54d466293190bc2b972df,"Laptop Asus Vivobook 16 M1607KA R7 AI 350/16GB/512GB/OfficeHS24+365/Win11 (MB091WS)"
323,67e54d466293190bc2b972e0,"Laptop MSI Prestige 14 AI Studio C1UDXG Ultra 7 155H/16GB/1TB/6GB RTX3050/144Hz/Túi/Win11 (058VN)"
324,67e54d466293190bc2b972e1,"Laptop Acer Swift Go 14 AI SFG14 73 71ZX Ultra 7 155H/16GB/512GB/Win11 (NX.KSLSV.002)"
325,67e54d476293190bc2b972e2,"Laptop Lenovo ThinkBook 16 G7 Ultra 5 125U/16GB/512GB/Win11 (21MS007GVN)"
326,67e54d476293190bc2b972e3,"Laptop HP VICTUS 16 r0283TX i5 13500H/16GB/512GB/144Hz/6GB RTX3050/Win11 (AD9T3PA)"
327,67e54d476293190bc2b972e4,"Laptop HP Probook 450 G10 i7 1355U/16GB/512GB/Win11 (9H8H1PT)"
328,67e54d476293190bc2b972e5,"Laptop Lenovo ThinkBook 14 Ultra 7 155U/16GB/512GB/Win11 (21MR0072VN)"
329,67e54d476293190bc2b972e6,"Laptop Acer Swift AI SF14 51 53P9 Ultra 5 226V/16GB/1TB/Win11 (NX.J2KSV.002)"
330,67e54d476293190bc2b972e7,"Laptop Lenovo IdeaPad Slim 5 14Q8X9 X1P 42 100/16GB/512GB/Win11 (83HL000KVN)"
331,67e54d476293190bc2b972e8,"Laptop Asus TUF Gaming A15 FA506NC R5 7535HS/16GB/512GB/4GB RTX3050/144Hz/Win11 (HN017W)"
332,67e54d486293190bc2b972e9,"Laptop Dell G15 5530 i9 13900HX/16GB/1TB/8GB RTX4060/165Hz/OfficeHS/Win11 (i9HX161W11GR4060)"
333,67e54d486293190bc2b972ea,"Laptop Asus TUF Gaming F15 FX507VU i7 13620H/16GB/512GB/6GB RTX4050/144Hz/Win11 (LP167W)"
334,67e54d486293190bc2b972eb,"Laptop HP Elitebook 630 G10 i7 1355U/16GB/512GB/Win11 (873F2PA)"
335,67e54d486293190bc2b972ec,"Laptop Dell Latitude 3440 i7 1355U/16GB/512GB/Win11 (71038103)"
336,67e54d486293190bc2b972ed,"Laptop Lenovo Gaming Legion Slim 5 16AHP9 R7 8845HS/32GB/1TB/8GB RTX4060/165Hz/Win11 (83DH003BVN)"
337,67e54d486293190bc2b972ee,"Laptop Lenovo V15 G5 IRL Core 5 120U/16GB/512GB/Win11 (83HF0000VN)"
338,67e54d486293190bc2b972ef,"Laptop Acer Swift AI SF14 51 75VP Ultra 7 258V/32GB/1TB/Win11 (NX.J2KSV.001)"
339,67e54d496293190bc2b972f0,"Laptop Asus Vivobook 14X OLED K3405VC i5 13500H/16GB/512GB/4GB RTX3050/Win11 (KM006W)"
340,67e54d496293190bc2b972f1,"Laptop Dell Inspiron 15 3530 i5 1335U/8GB/512GB/120Hz/OfficeHS/Win11 (N3530-i5U085W11BLU)"
341,67e54d496293190bc2b972f2,"Laptop HP VICTUS 16 r0127TX i7 13700H/16GB/512GB/8GB RTX4060/144Hz/Win11 (8C5N2PA)"
342,67e54d496293190bc2b972f3,"Laptop Lenovo Gaming Legion Pro 7 16IRX9H i9 14900HX/32GB/1TB/16GB RTX4090/240Hz/Win11 (83DE001MVN)"
343,67e54d496293190bc2b972f4,"Laptop HP Envy X360 14 fc0083TU Ultra 7 155U/32GB/1TB/Touch/Pen/Win11 (A19BSPA)"
344,67e54d496293190bc2b972f5,"Laptop Dell Inspiron 16 5640 Core 7 150U/16GB/1TB/2GB MX570A/120Hz/OfficeHS/Win11 (N6I7512W1)"
345,67e54d496293190bc2b972f6,"Laptop Lenovo Thinkpad X13 Ultra 5 125U/16GB/512GB/Win11 Pro (21LU004NVN)"
346,67e54d4a6293190bc2b972f7,"Laptop Asus ROG Strix G16 G614JU i7 13650HX/32GB/1TB/6GB RTX4050/165Hz/Win11 (N3509W)"
347,67e54d4a6293190bc2b972f8,"Laptop HP Gaming VICTUS 16 r0130TX i5 13500H/16GB/512GB/144Hz/6GB RTX3050/Win11 (8C5N5PA)"
348,67e54d4a6293190bc2b972f9,"Laptop Asus Zenbook S 14 UX5406SA Ultra 7 258V/32GB/1TB/120Hz/Túi/OfficeHS/Win11 (PV140WS)"
349,67e54d4a6293190bc2b972fa,"Laptop Dell Inspiron 7440 Core 5 120U/16GB/1TB/Touch/Pen/OfficeHS/Win11 (N4I5006W1)"
350,67e54d4a6293190bc2b972fb,"Laptop Dell Inspiron 7440 Core 7 150U/16GB/1TB/Touch/Pen/OfficeHS/Win11 (N7440-C7U161W11IBU)"
351,67e54d4a6293190bc2b972fc,"Laptop HP Spectre X360 14 eu0050TU Ultra 7 155H/32GB/1TB/Touch/Pen/Win11 (A19BLPA)"
352,67e54d4a6293190bc2b972fd,"Laptop MSI Gaming Katana A15 AI B8VE R7 8845HS/16GB/512GB/6GB RTX4050/144Hz/Balo/Win11 (402VN)"
353,67e54d4b6293190bc2b972fe,"Laptop HP Probook 450 G10 i7 1355U/16GB/512GB/Win11 (873D3PA)"
354,67e54d4b6293190bc2b972ff,"Laptop Asus TUF Gaming A15 FA507NV R7 7735HS/16GB/512GB/8GB RTX4060/144Hz/Win11 (LP031W)"
355,67e54d4b6293190bc2b97300,"Laptop Asus TUF Gaming A15 FA507NU R5 7535HS/16GB/512GB/6GB RTX4050/144Hz/Win11 (LP105W)"
356,67e54d4b6293190bc2b97301,"Laptop MSI Creator Z17 HX Studio A14VGT i7 14700HX/32GB/2TB/8GB RTX4070/165Hz/Touch/Pen/Balo/Win11 (272VN)"
357,67e54d4b6293190bc2b97302,"Laptop MacBook Air 13 inch M3 16GB/ 256GB"
358,67e54d4c6293190bc2b97303,"Laptop ASUS TUF Gaming A15 FA507UV R7 8845HS/16GB/512GB/8GB RTX4060/144Hz/Win11 (LP142W)"
359,67e54d4c6293190bc2b97304,"Laptop Asus Vivobook S 14 S5406SA Ultra 7 258V/32GB/1TB/120Hz/OfficeHS/Win11 (PP059WS)"
360,67e54d4c6293190bc2b97305,"Laptop Asus Zenbook 14 UX3405CA Ultra 7 255H/16GB/512GB/120Hz/Touch/OfficeHS24+365/Win11 (PZ368WS)"
361,67e54d4c6293190bc2b97306,"Laptop HP OMEN 16 xf0071AX R7 7840HS/32GB/1TB/8GB RTX4060/240Hz/Win11 (8W946PA)"
362,67e54d4c6293190bc2b97307,"Laptop MSI Creator M16 HX C14VFG i7 14700HX/32GB/1TB/8GB RTX4060/240Hz/Balo/Win11 (040VN)"
363,67e54d4c6293190bc2b97308,"Laptop MSI Cyborg 15 A13VFK i7 13620H/16GB/512GB/8GB RTX4060/144Hz/Balo/Win11 (876VN)"
364,67e54d4c6293190bc2b97309,"Laptop Dell XPS 13 9340 Ultra 7 155H/16GB/1TB/Touch/OfficeHS/Win11 (HXRGT)"
365,67e54d4d6293190bc2b9730a,"Laptop Asus TUF Gaming A14 FA401WV R9 AI HX 370/16GB/1TB/8GB RTX4060/165Hz/OfficeHS/Office365/Win11 (RG062WS)"
366,67e54d4d6293190bc2b9730b,"Laptop Asus Zenbook 14 OLED UM3406KA R7 AI 350/32GB/512GB/120Hz/OfficeHS24+365/Win11 (PP555WS)"
367,67e54d4d6293190bc2b9730c,"Laptop HP Envy x360 14 fc0089TU Ultra 7 155U/16GB/512GB/Touch/Pen/Win11 (A19BZPA)"
368,67e54d4d6293190bc2b9730d,"Laptop Asus Vivobook S 15 S5507QA X1E 78 100/32GB/1TB/Win11/OfficeHS (MA090WS)"
369,67e54d4d6293190bc2b9730e,"Laptop HP Envy X360 14 fa0048AU R7 8840HS/16GB/512GB/Touch/Pen/Win11 (A19BQPA)"
370,67e54d4d6293190bc2b9730f,"Laptop MSI Prestige 13 AI+ A2VMG Ultra 7 258V/32GB/1TB/Balo/Win11 (040VN)"
371,67e54d4e6293190bc2b97310,"Laptop HP Probook 460 G11 Ultra 5 125U/16GB/512GB/Win11 (A74BTPT)"
372,67e54d4e6293190bc2b97311,"Laptop MSI Prestige 16 AI+ B2VMG Ultra 9 288V/32GB/1TB/Balo/Win11 (016VN)"
373,67e54d4e6293190bc2b97312,"Laptop Dell XPS 13 9340 Ultra 7 155H/16GB/1TB/Touch/OfficeHS/Win11 (HXRGT2)"
374,67e54d4e6293190bc2b97313,"Laptop MSI Stealth A16 AI+ A3XVGG R9 AI HX 370/32GB/2TB/8GB RTX4070/120Hz/Balo/Chuột/Win11 (208VN)"
375,67e54d4e6293190bc2b97314,"Laptop MSI Gaming Katana A15 AI B8VG R9 8945HS/16GB/1TB/8GB RTX4070/144Hz/Balo/Lót chuột/Chuột/Win11 (466VN)"
376,67e54d4f6293190bc2b97315,"Laptop MacBook Pro 14 inch M4 16GB/512GB"
377,67e54d4f6293190bc2b97316,"Laptop MacBook Pro 14 inch M4 Pro 24GB/512GB"
378,67e54d4f6293190bc2b97317,"Laptop MacBook Air 15 inch M3 16GB/256GB/10GPU"
379,67e54d506293190bc2b97319,"Laptop Dell Inspiron 14 5440 i5 1334U/16GB/512GB/OfficeHS/Win11 (NDY5V1)"
380,67e54d506293190bc2b9731a,"Laptop MacBook Pro 14 inch M4 Pro 24GB/1TB"
381,67e54d506293190bc2b9731b,"Laptop MacBook Pro 14 inch Nano M4 16GB/512GB"
382,67e54d506293190bc2b9731c,"Laptop Asus Vivobook 15 X1504ZA i5 1235U/16GB/1TB/Win11 (NJ1528W)"
383,67e54d506293190bc2b9731d,"Laptop MacBook Pro 16 inch M4 Pro 24GB/1TB"
384,67e54d506293190bc2b9731e,"Laptop Samsung Galaxy Chromebook Go XE310XDA N4500/4GB/32GB/ChromeOS"
385,67e54d516293190bc2b9731f,"Laptop MacBook Air 13 inch M2 24GB/512GB"
386,67e54d516293190bc2b97320,"Laptop MacBook Air 13 inch M3 24GB/512GB"
387,67e54d516293190bc2b97321,"Laptop MacBook Pro 16 inch M4 Pro 24GB/512GB"
388,67e54d516293190bc2b97322,"Laptop Lenovo Gaming LOQ Essential 15IAX9E i5 12450HX/12GB/512GB/6GB RTX3050/144Hz/Win11 (83LK0036VN)"
389,67e54d516293190bc2b97323,"Laptop MacBook Pro 16 inch M4 Pro 48GB/512GB"
390,67e54d516293190bc2b97324,"Laptop MacBook Pro 14 inch Nano M4 Pro 24GB/512GB"
391,67e54d526293190bc2b97325,"Laptop Lenovo IdeaPad 5 2in1 14IRH9 i7 13620H/16GB/512GB/Touch/Pen/Win11 (83KX003XVN)"
392,67e54d526293190bc2b97326,"Laptop Dell Inspiron 14 5430 i5 1340P/16GB/512GB/4GB RTX2050/120Hz/OfficeHS/Win11 (N5430-i5P165W11SL2050)"
393,67e54d526293190bc2b97327,"Laptop HP Elitebook 630 G10 i5 1335U/16GB/512GB/Touch/Win11 (9J0B5PT)"
394,67e54d526293190bc2b97328,"Laptop Samsung Galaxy Chromebook Go XE340XDA N4500/4GB/32GB/ChromeOS"
395,67e54d526293190bc2b97329,"Laptop MacBook Pro 14 inch M4 Pro 48GB/512GB"
396,67e54d536293190bc2b9732a,"Laptop MacBook Pro 14 inch M4 Pro 48GB/1TB"
397,67e54d536293190bc2b9732b,"Laptop HP OMEN 16 xf0070AX R9 7940HS/32GB/1TB/8GB RTX4070/240Hz/Win11 (8W945PA)"
398,67e54d536293190bc2b9732c,"Laptop Dell G15 5530 i7 13650HX/16GB/1TB/8GB RTX4060/165Hz/OfficeHS/Win11 (i7HX161W11GR4060)"
399,67e54d536293190bc2b9732d,"Laptop MacBook Pro 14 inch Nano M4 Max 36GB/1TB"
400,67e54d546293190bc2b9732e,"Laptop Apple MacBook Pro 16 inch Nano M4 Pro 24GB/512GB"
401,67e54d546293190bc2b9732f,"Laptop GIGABYTE G6 KF RC56 i7 13620H/16GB/1TB/8GB RTX4060/165Hz/Win11 (9RC56KF0HJJANIVN000)"
402,67e54d546293190bc2b97330,"Laptop Macbook Air 13 inch M2 16GB/512GB Sạc 70W"
403,67e54d556293190bc2b97331,"Laptop HP Gaming VICTUS 16 r0128TX i5 13450HX/16GB/512GB/144Hz/6GB RTX4050/Win11 (8C5N3PA)"
404,67e54d556293190bc2b97332,"Laptop HP Gaming VICTUS 16 r0228TX i5 13500H/32GB/512GB/6GB RTX4050/144Hz/Win11 (9Q979PA)"
405,67e54d556293190bc2b97333,"Laptop HP Gaming VICTUS 16 r0227TX i5 13500H/32GB/512GB/8GB RTX4060/144Hz/Win11 (9Q978PA)"
406,67e54d556293190bc2b97334,"Laptop HP Gaming VICTUS 16 s0138AX R7 7840HS/32GB/512GB/8GB RTX4070/144Hz/Win11 (9Q985PA)"
407,67e54d556293190bc2b97335,"Laptop Lenovo Thinkpad X13 Ultra 7 155H/32GB/1TB/Touch/Win11 Pro (21LU004LVN)"
408,67e54d566293190bc2b97336,"Laptop HP Probook 460 G11 Ultra 7 155U/16GB/512GB/Win11 (A74C0PT)"
409,67e54d566293190bc2b97337,"Laptop HP Elitebook X360 830 G11 Ultra 7 165U/16GB/512GB/Touch/Pen/Win11 Pro (A7RC0PT)"
410,67e54d566293190bc2b97338,"Laptop HP Envy X360 14 fa0097AU R5 8640HS/16GB/512GB/Touch/Pen/Office365/Win11 (AY8U7PA)"
411,67e54d566293190bc2b97339,"Laptop HP Envy X360 14 fc0153TU Ultra 7 155U/32GB/512GB/Touch/Pen/Office365/Win11 (AY8V4PA)"
412,67e54d566293190bc2b9733a,"Laptop MacBook Pro 16 inch M4 Max 36GB/1TB"
413,67e54d576293190bc2b9733b,"Laptop MSI Modern 15 B12MO i7 1255U/16GB/512GB/Win11 (487VN)"
414,67e54d576293190bc2b9733c,"Laptop Dell Inspiron 15 3530 i7 1355U/16GB/512GB/120Hz/OfficeHS/Win11 (N5I7240W1)"
415,67e54d576293190bc2b9733d,"Laptop HP Elitebook X360 830 G11 Ultra 5 135U/16GB/512GB/Touch/Pen/Win11 Pro (A7RB9PT)"
416,67e54d586293190bc2b9733e,"Laptop HP OMEN Transcend 14 fb0135TX Ultra 7 155H/16GB/1TB/8GB RTX4060/120Hz/Win11 (AY8V1PA)"
417,67e54d586293190bc2b9733f,"Laptop Lenovo IdeaPad 5 2in1 14Q8X9 X1P 42 100/16GB/512GB/Touch/Win11 (83GH001FVN)"
418,67e54d596293190bc2b97340,"Laptop Lenovo IdeaPad Flex 5 14ABR8 R7 7730U/16GB/512GB/Touch/Win11 (82XX00DLVN)"
419,67e54d596293190bc2b97341,"Laptop Lenovo ThinkPad E16 Ultra 5 125U/32GB/1TB/Win11 (21MA0049VN)"
420,67e54d596293190bc2b97342,"Laptop Lenovo ThinkPad X1 Carbon Ultra 7 165U/64GB/1TB/120Hz/Win11 Pro (21KC00AGVN)"
421,67e54d596293190bc2b97343,"Laptop Lenovo Yoga 7 2in1 14IML9 Ultra 5 125H/16GB/512GB/Touch/Office/Win11 (83DJ00DMVN)"
422,67e54d596293190bc2b97344,"Laptop Lenovo IdeaPad Slim 5 14IMH9 Ultra 5 125H/16GB/1TB/Win11 (83DA006TVN)"
423,67e54d5b6293190bc2b97345,"Laptop Lenovo Legion 7 16IRX9 i9 14900H/32GB/1TB/8GB RTX4070/165Hz/Win11"
424,67e54d5b6293190bc2b97346,"Laptop Lenovo Yoga Pro 7 14ASP9 R9 AI 365/32GB/1TB/120Hz/OfficeHS/Win11 (83HN0022VN)"
425,67e54d5b6293190bc2b97347,"Laptop Lenovo Yoga Pro 7 14IMH9 Ultra 7 155H/32GB/1TB/6GB RTX4050/120Hz/OfficeHS/Win11 (83E2006MVN)"
426,67e54d5b6293190bc2b97348,"Laptop Lenovo Yoga Slim 7 15ILL9 Ultra 7 258V/32GB/1TB/120Hz/Touch/OfficeHS/Win11 (83HM000GVN)"
427,67e54d5b6293190bc2b97349,"Laptop LG Gram 14Z90S Ultra 5 125H/16GB/512GB/Win11 (14Z90S-G.AH55A5)"
428,67e54d5c6293190bc2b9734a,"Laptop LG Gram 14Z90S Ultra 7 155H/16GB/512GB/Win11 (14Z90S-G.AH75A5)"
429,67e54d5c6293190bc2b9734b,"Laptop LG Gram 16Z90S Ultra 7 155H/16GB/512GB/Win11 (16Z90S-G.AH76A5)"
430,67e54d5c6293190bc2b9734c,"Laptop LG Gram 17Z90S Ultra 7 155H/16GB/1TB/Win11 (17Z90S-G.AH78A5)"
431,67e54d5c6293190bc2b9734d,"Laptop LG Gram 16Z90SP Ultra 7 155H/16GB/512GB/Win11 (16Z90SP-K.AH78A5)"
432,67e54d5c6293190bc2b9734e,"Laptop HP Elitebook 635 Aero G11 R5 8640U/16GB/512GB/Win11 (A8WS6PT)"
433,67e54d5d6293190bc2b9734f,"Laptop HP Elitebook 635 Aero G11 R7 8840HS/16GB/512GB/Win11 (A8WS7PT)"
434,67e54d5d6293190bc2b97350,"Laptop Lenovo IdeaPad Slim 3 15IRH10 i7 13620H/16GB/512GB/Win11 (83K1000JVN)"
435,67e54d5d6293190bc2b97351,"Laptop Lenovo LOQ 15IAX9 i5 12450HX/12GB/512GB/6GB RTX4050/144Hz/Win11 (83GS001QVN)"
436,67e54d5d6293190bc2b97352,"Laptop Lenovo Legion Pro 7 16IRX9H i9 14900HX/1TB/12GB RTX4080/240Hz/Win11 (83DE001NVN)"
437,67e54d5d6293190bc2b97353,"Laptop Lenovo Legion Slim 5 16AHP9 R7 8845HS/16GB/512GB/8GB RTX4060/165Hz/Win11 (83DH003AVN)"
438,67e54d5e6293190bc2b97354,"Laptop Lenovo ThinkPad T14s Ultra 5 125U/16GB/512GB/Win11 Pro (21LS005RVN)"
439,67e54d5e6293190bc2b97355,"Laptop Lenovo Thinkpad X13 Ultra 7 155H/16GB/1TB/Win11 Pro (21LU004TVN)"
440,67e54d5e6293190bc2b97356,"Laptop Lenovo Yoga 7 2in1 14IML9 Ultra 7 155H/16GB/512GB/Touch/Pen/OfficeHS/Win11 (83DJ001FVN)"
441,67e54d5e6293190bc2b97357,"Laptop GIGABYTE AORUS 16X X6LAG i7 14650HX/16GB/1TB/8G RTX4070/165Hz/Win11 (9RX6LASGDDJIXDVN010)"
442,67e54d5f6293190bc2b97358,"Laptop Asus Zenbook DUO UX8406CA Ultra 9 285H/32GB/1TB/120Hz/Touch/OfficeHS24+365/Win11 (PZ109WS)"
443,67e54d5f6293190bc2b97359,"Laptop Dell Inspiron 15 3530 i5 1334U/16GB/512GB/120Hz/OfficeHS24+365/Win11 (N5I5530W1)"
444,67e54d5f6293190bc2b9735a,"Laptop Dell Inspiron 15 3530 i7 1355U/16GB/512GB/120Hz/OfficeHS24+365/Win11 (N5I7305W1)"
445,67e54d5f6293190bc2b9735b,"Laptop Dell Latitude 3450 i5 1335U/16GB/512GB/Win11 (L3450-1335U-16512W)"
446,67e54d5f6293190bc2b9735c,"Laptop Asus Vivobook 14 A1407CA Ultra 5 225H/16GB/512GB/OfficeHS24+365/Win11 (LY008WS)"
447,67e54d606293190bc2b9735d,"Laptop Asus Vivobook 14 X1404VA i5 1334U/16GB/512GB/OfficeHS24+365/Win11 (NK771WS)"
448,67e54d606293190bc2b9735e,"Laptop Asus Vivobook 16 A1607CA Ultra 5 225H/16GB/512GB/OfficeHS24+365/Win11 (MB038WS)"
449,67e54d606293190bc2b9735f,"Laptop Asus Vivobook S 16 S5606CA Ultra 5 225H/16GB/512GB/120Hz/OfficeHS24+365/Win11 (RI114WS)"
450,67e54d606293190bc2b97360,"Laptop Asus Vivobook S 16 S5606CA Ultra 7 255H/32GB/1TB/16"Q/120Hz/OfficeHS24+365/Win11 (RI115WS)"
451,67e54d616293190bc2b97361,"Laptop Dell Latitude 5450 Ultra 5 125U/16GB/512GB/Win11 (L5450-125U-16512W)"
452,67e54d616293190bc2b97362,"Laptop Dell Latitude 5350 Ultra 7 165U vPro/16GB/512GB/Win11 (L5350-165U-16512W)"
453,67e54d616293190bc2b97363,"Laptop Dell XPS 13 9350 Ultra 7 256V/16GB/512GB/Touch/OfficeHS24+365/Win11 (XPSU7016W1)"
454,67e54d616293190bc2b97364,"Laptop MacBook Air 13 inch M4 16GB/256GB"
455,67e54d626293190bc2b97365,"Laptop MacBook Air 13 inch M4 16GB/512GB"
456,67e54d626293190bc2b97366,"Laptop MacBook Air 13 inch M4 16GB/1TB"
457,67e54d626293190bc2b97367,"Laptop MacBook Air 13 inch M4 24GB/256GB"
458,67e54d636293190bc2b97368,"Laptop MacBook Air 13 inch M4 24GB/512GB"
459,67e54d636293190bc2b97369,"Laptop MacBook Air 13 inch M4 24GB/1TB"
460,67e54d636293190bc2b9736a,"Laptop MacBook Air 13 inch M4 32GB/256GB"
461,67e54d646293190bc2b9736b,"Laptop MacBook Air 13 inch M4 32GB/512GB"
462,67e54d646293190bc2b9736c,"Laptop MacBook Air 13 inch M4 32GB/1TB"
463,67e54d656293190bc2b9736d,"Laptop MacBook Air 15 inch M4 16GB/256GB"
464,67e54d666293190bc2b9736e,"Laptop MacBook Air 15 inch M4 16GB/512GB"
465,67e54d666293190bc2b9736f,"Laptop MacBook Air 15 inch M4 16GB/1TB"
466,67e54d666293190bc2b97370,"Laptop MacBook Air 15 inch M4 24GB/256GB"
467,67e54d676293190bc2b97371,"Laptop MacBook Air 15 inch M4 24GB/512GB"
468,67e54d676293190bc2b97372,"Laptop MacBook Air 15 inch M4 24GB/1TB"
469,67e54d676293190bc2b97373,"Laptop MacBook Air 15 inch M4 32GB/256GB"
470,67e54d686293190bc2b97374,"Laptop MacBook Air 15 inch M4 32GB/512GB"
471,67e54d686293190bc2b97375,"Laptop MacBook Air 15 inch M4 32GB/1TB"
472,67e54ddb6293190bc2b97376,"Tai nghe Bluetooth Chụp Tai Havit H661BT"
473,67e54ddb6293190bc2b97377,"Tai nghe Bluetooth Chụp Tai HAVIT H662BT"
474,67e54ddc6293190bc2b97378,"Tai nghe Bluetooth Chụp Tai Havit H667BT"
475,67e54ddc6293190bc2b97379,"Tai nghe Bluetooth Chụp Tai Baseus Bass 35 Max"
476,67e54ddc6293190bc2b9737a,"Tai nghe Bluetooth Chụp Tai Havit H663BT"
477,67e54ddc6293190bc2b9737b,"Tai nghe Bluetooth Chụp Tai Sony WH-CH520"
478,67e54ddc6293190bc2b9737c,"Tai nghe Bluetooth Chụp Tai Alpha Works Flex 680"
479,67e54ddc6293190bc2b9737d,"Tai nghe Bluetooth Chụp Tai JBL Tune 520BT"
480,67e54ddd6293190bc2b9737e,"Tai nghe Chụp Tai Sony MDR - ZX110AP"
481,67e54ddd6293190bc2b9737f,"Tai nghe Chụp Tai Gaming Asus TUF H3"
482,67e54ddd6293190bc2b97380,"Tai nghe Bluetooth Chụp tai soundcore H30i"
483,67e54ddd6293190bc2b97381,"Tai nghe Bluetooth Chụp Tai Sony WH-CH720N"
484,67e54ddd6293190bc2b97382,"Tai nghe Bluetooth chụp tai Marshall Major V"
485,67e54ddd6293190bc2b97383,"Tai nghe Bluetooth Chụp Tai Zadez GP-803B"
486,67e54dde6293190bc2b97384,"Tai nghe Chụp Tai Gaming HP HyperX Cloud Stinger Core II"
487,67e54dde6293190bc2b97385,"AirPods Max cổng USB C"
488,67e54dde6293190bc2b97386,"Tai nghe Chụp Tai Gaming Sony INZONE H3 MDR-G300"
489,67e54dde6293190bc2b97387,"Tai nghe chụp tai soundcore Space One A3035"
490,67e54dde6293190bc2b97388,"Tai nghe Bluetooth Chụp Tai JBL Tune 670NC"
491,67e54dde6293190bc2b97389,"Tai nghe Chụp Tai Baseus Bowie 30 Max"
492,67e54ddf6293190bc2b9738a,"Tai nghe Bluetooth Chụp Tai Sony WH1000XM5"
493,67e54ddf6293190bc2b9738b,"Tai nghe Bluetooth Chụp Tai JBL Live 670NC"
494,67e54ddf6293190bc2b9738c,"Tai Nghe Bluetooth Chụp Tai Beats Solo 4"
495,67e54ddf6293190bc2b9738d,"Tai nghe Bluetooth Chụp Tai JBL LIVE 770NC"
496,67e54ddf6293190bc2b9738e,"Tai nghe Chụp Tai Gaming HP HyperX Cloud III"
497,67e54de06293190bc2b9738f,"Tai nghe Bluetooth chụp tai Marshall Monitor II A.N.C."
498,67e54de06293190bc2b97390,"Tai nghe Bluetooth Chụp tai Sony WH-ULT900N"
499,67e54de16293190bc2b97391,"Tai nghe Bluetooth Chụp Tai JBL Tour One M2"
500,67e54de16293190bc2b97392,"Tai nghe Chụp Tai Gaming Sony INZONE H5 WH-G500"
501,67e54de16293190bc2b97393,"Tai nghe Bluetooth Chụp Tai Gaming Sony INZONE H9 WH-G900N"
841,67e54e5f6293190bc2b97502,"Tai nghe Có Dây JBL C200 SIU"
842,67e54e5f6293190bc2b97503,"Tai nghe Có dây Type C Xiaomi"
843,67e54e5f6293190bc2b97504,"Tai nghe Có dây OPPO MH135"
844,67e54e5f6293190bc2b97505,"Tai nghe Có Dây OPPO MH320"
845,67e54e606293190bc2b97506,"Tai nghe Có dây Baseus Encok HZ20"
846,67e54e606293190bc2b97507,"Tai nghe Có dây Gaming HP HyperX Cloud Earbuds II"
847,67e54e606293190bc2b97508,"Tai nghe Có Dây Sony MDR-EX155AP"
848,67e54e606293190bc2b97509,"Tai nghe Có Dây Gaming Asus Rog Cetra II Core"
849,67e54e606293190bc2b9750a,"Tai nghe Có dây AVA+ LiveBass E1"
850,67e54e606293190bc2b9750b,"Tai nghe Có dây AVA+ PC-25"
851,67e54e616293190bc2b9750c,"Tai nghe Có Dây Apple MMTN2"
852,67e54e616293190bc2b9750d,"Tai nghe Có Dây Apple MTJY3"
853,67e54e616293190bc2b9750e,"Tai nghe Có dây Type C AVA+ LiveBass E2"
854,67e54e616293190bc2b9750f,"Tai nghe Có dây Type C AVA+ LiveBass E4"
855,67e54e616293190bc2b97510,"Tai nghe Có dây AVA+ LiveBass HiFi S09"
856,67e54e616293190bc2b97511,"Tai nghe Bluetooth Chụp Tai Havit H661BT"
857,67e54e616293190bc2b97512,"Tai nghe Bluetooth Chụp Tai HAVIT H662BT"
858,67e54e626293190bc2b97513,"Tai nghe Bluetooth Chụp Tai Havit H667BT"
859,67e54e626293190bc2b97514,"Tai nghe Bluetooth Chụp Tai Baseus Bass 35 Max"
860,67e54e626293190bc2b97515,"Tai nghe Có Dây Samsung IA500"
861,67e54e626293190bc2b97516,"Tai nghe Có dây AVA+ LiveBass S1018"
862,67e54e626293190bc2b97517,"Tai nghe Có dây Type C AVA+ LiveBass S870"
863,67e54e626293190bc2b97518,"Tai nghe Bluetooth Chụp Tai Havit H663BT"
864,67e54e626293190bc2b97519,"Tai nghe Bluetooth Chụp Tai Alpha Works Flex 680"
865,67e54e636293190bc2b9751a,"Tai nghe Có dây AVA+ LiveBass Y232"
866,67e54e636293190bc2b9751b,"Tai nghe Chụp Tai Sony MDR - ZX110AP"
867,67e54e636293190bc2b9751c,"Tai nghe Chụp Tai Gaming Asus TUF H3"
868,67e54e636293190bc2b9751d,"Tai nghe Có dây AVA+ LiveBass Y231"
869,67e54e636293190bc2b9751e,"Tai nghe Có dây AVA+ LiveBass S1019"
870,67e54e636293190bc2b9751f,"Tai nghe Có Dây Sony MDR-EX15AP"
871,67e54e646293190bc2b97520,"Tai nghe Bluetooth Chụp tai soundcore H30i"
872,67e54e646293190bc2b97521,"Tai nghe Bluetooth Chụp Tai Sony WH-CH720N"
873,67e54e646293190bc2b97522,"Tai nghe Chụp Tai Gaming HP HyperX Cloud Stinger Core II"
874,67e54e646293190bc2b97523,"Tai nghe Chụp Tai Gaming Sony INZONE H3 MDR-G300"
875,67e54e646293190bc2b97524,"Tai nghe Có Dây Type C AVA+ DS815-WB"
876,67e54e646293190bc2b97525,"Tai nghe chụp tai soundcore Space One A3035"
877,67e54e656293190bc2b97526,"Tai nghe Bluetooth Chụp Tai JBL Tune 670NC"
878,67e54e656293190bc2b97527,"Tai nghe Chụp Tai Baseus Bowie 30 Max"
879,67e54e656293190bc2b97528,"Tai nghe Bluetooth Chụp Tai Sony WH1000XM5"
880,67e54e656293190bc2b97529,"Tai nghe Bluetooth Chụp Tai JBL Live 670NC"
881,67e54e656293190bc2b9752a,"Tai nghe Bluetooth Chụp Tai JBL LIVE 770NC"
882,67e54e656293190bc2b9752b,"Tai nghe Chụp Tai Gaming HP HyperX Cloud III"
883,67e54e666293190bc2b9752c,"Tai nghe Bluetooth Chụp Tai JBL Tour One M2"
884,67e54e666293190bc2b9752d,"Tai nghe Chụp Tai Gaming Sony INZONE H5 WH-G500"
885,67e54e7f6293190bc2b9752e,"Tai nghe TWS Samsung Galaxy Buds3 Pro R630N"
886,67e54e7f6293190bc2b9752f,"Tai nghe TWS Samsung Galaxy Buds3 R530N"
887,67e54e7f6293190bc2b97530,"Tai nghe Bluetooth True Wireless Xiaomi Redmi Buds 6"
888,67e54e806293190bc2b97531,"Tai nghe Bluetooth True Wireless JBL Tune Beam 2"
889,67e54e806293190bc2b97532,"Tai nghe Bluetooth True Wireless JBL Tour Pro 3"
890,67e54e806293190bc2b97533,"Tai nghe Bluetooth True Wireless JBL Wave Beam 2"
891,67e54e806293190bc2b97534,"Tai nghe Bluetooth AirPods Pro Gen 2 MagSafe Charge (USB-C) Apple MTJV3"
892,67e54e806293190bc2b97535,"Tai nghe Bluetooth True Wireless Xiaomi Redmi Buds 6 Pro"
893,67e54e806293190bc2b97536,"Tai nghe Bluetooth True Wireless Sony WF-LS910N"
894,67e54e816293190bc2b97537,"Tai nghe truyền xương Shokz OPENRUN PRO 2 S820"
895,67e54e816293190bc2b97538,"Tai nghe Bluetooth True Wireless Sony WF-L910"
896,67e54e816293190bc2b97539,"Tai nghe Bluetooth True Wireless soundcore Liberty 4 Pro A3954"
897,67e54e816293190bc2b9753a,"Tai nghe Bluetooth True Wireless Havit TW986"
898,67e54e816293190bc2b9753b,"Tai nghe Bluetooth True Wireless OPPO ENCO X3i E509A"
899,67e54e816293190bc2b9753c,"Tai nghe truyền xương Shokz OPENRUN PRO 2 Mini S821"
900,67e54e826293190bc2b9753d,"Tai nghe Bluetooth True Wireless OPPO ENCO Air 4 ETEE1"
901,67e54e826293190bc2b9753e,"Tai nghe Bluetooth True Wireless AVA+ Go F25"
902,67e54e826293190bc2b9753f,"Tai nghe Bluetooth True Wireless AVA+ FreeGo PT52"
903,67e54e826293190bc2b97540,"Tai nghe Bluetooth True Wireless AVA+ FreeGo W28"
904,67e54e826293190bc2b97541,"Tai nghe Bluetooth True Wireless Xiaomi Redmi Buds 6 Play"
905,67e54e836293190bc2b97542,"Tai nghe Bluetooth True Wireless AVA+ Buds Life Air 2 Pro"
906,67e54e836293190bc2b97543,"Tai nghe Bluetooth True Wireless AVA+ Go P310"
907,67e54e836293190bc2b97544,"AirPods 4 MXP63"
908,67e54e836293190bc2b97545,"Tai nghe Bluetooth True Wireless OPPO ENCO Buds 2 ETE41"
909,67e54e836293190bc2b97546,"Tai nghe Bluetooth True Wireless Xiaomi Redmi Buds 6 Lite"
910,67e54e846293190bc2b97547,"Tai nghe Bluetooth True Wireless Xiaomi Redmi Buds 6 Active"
911,67e54e846293190bc2b97548,"Tai nghe Bluetooth TWS AVA+ FreeGo Y913"
912,67e54e846293190bc2b97549,"Tai nghe Bluetooth True Wireless AVA+ Buds Life Air 3"
913,67e54e846293190bc2b9754a,"Tai nghe Bluetooth True Wireless Havit TW976"
914,67e54e846293190bc2b9754b,"Tai nghe Bluetooth True Wireless Baseus Bowie E20"
915,67e54e856293190bc2b9754c,"Tai nghe Bluetooth True Wireless Samsung Galaxy Buds FE R400N"
916,67e54e856293190bc2b9754d,"Tai nghe Bluetooth True Wireless AVA+ FreeGo W26"
917,67e54e856293190bc2b9754e,"AirPods 4 (chống ồn)"
918,67e54e856293190bc2b9754f,"Tai nghe Bluetooth True Wireless AVA+ FreeGo PT62"
919,67e54e856293190bc2b97550,"Tai nghe Bluetooth True Wireless AVA+ FreeGo Y50"
920,67e54e856293190bc2b97551,"Tai nghe Bluetooth True Wireless OPPO ENCO Buds 3 Pro ETEK1"
921,67e54e866293190bc2b97552,"Tai nghe Bluetooth True Wireless Havit TW941"
922,67e54e866293190bc2b97553,"Tai nghe Bluetooth True Wireless AVA+ Buds Life Rider GT09"
923,67e54e866293190bc2b97554,"Tai nghe Bluetooth True Wireless Rezo K50"
924,67e54e866293190bc2b97555,"Tai nghe Bluetooth Open-Ear True Wireless AVA+ FreeGo OWS02"
925,67e54e866293190bc2b97556,"Tai nghe Bluetooth True Wireless Rezo RZ09 ANC"
926,67e54e866293190bc2b97557,"Tai nghe Bluetooth Chụp Tai Havit H661BT"
927,67e54e876293190bc2b97558,"Tai nghe Bluetooth Chụp Tai HAVIT H662BT"
928,67e54e876293190bc2b97559,"Tai nghe Bluetooth Open-Ear True Wireless AVA+ FreeGo OWS04"
929,67e54e876293190bc2b9755a,"Tai nghe Open-Ear TWS AVA+ FreeGo OWS800"
930,67e54e876293190bc2b9755b,"Tai nghe Bluetooth Chụp Tai Havit H667BT"
931,67e54e876293190bc2b9755c,"Tai nghe Bluetooth Chụp Tai Baseus Bass 35 Max"
932,67e54e876293190bc2b9755d,"Tai nghe TWS Alpha Works AW-Curve 200"
933,67e54e886293190bc2b9755e,"Tai nghe Bluetooth True Wireless Havit TW945"
934,67e54e886293190bc2b9755f,"Tai nghe Bluetooth Chụp Tai Havit H663BT"
935,67e54e886293190bc2b97560,"Tai nghe Bluetooth TWS OPPO ENCO Air 4 Pro ETEA1"
936,67e54e886293190bc2b97561,"Tai nghe Bluetooth True Wireless AVA+ Go P210"
937,67e54e886293190bc2b97562,"Tai nghe Bluetooth True Wireless soundcore R50i NC A3959"
938,67e54e896293190bc2b97563,"Tai nghe Bluetooth True Wireless Soul S-LIVE 30"
939,67e54e896293190bc2b97564,"Tai nghe Bluetooth Sony WI-C100"
940,67e54e896293190bc2b97565,"Tai nghe Bluetooth True Wireless Xiaomi Redmi Buds 4 Lite"
941,67e54e896293190bc2b97566,"Tai nghe Bluetooth Chụp Tai Sony WH-CH520"
942,67e54e896293190bc2b97567,"Tai nghe Bluetooth True Wireless Sony WF-C510"
943,67e54e8a6293190bc2b97568,"Tai nghe Bluetooth Chụp Tai Alpha Works Flex 680"
944,67e54e8a6293190bc2b97569,"Tai nghe Bluetooth True Wireless Rezo Air 5 Deluxe ANC"
945,67e54e8a6293190bc2b9756a,"Tai nghe Bluetooth Chụp Tai JBL Tune 520BT"
946,67e54e8a6293190bc2b9756b,"Tai nghe Bluetooth True Wireless Havit TW982 Life 01T"
947,67e54e8a6293190bc2b9756c,"Tai nghe Bluetooth True Wireless Xiaomi Redmi Buds 4 Active"
948,67e54e8b6293190bc2b9756d,"Tai nghe Bluetooth Chụp tai soundcore H30i"
949,67e54e8b6293190bc2b9756e,"Tai nghe Bluetooth True Wireless Havit TW967 Pro"
950,67e54e8b6293190bc2b9756f,"Tai nghe Bluetooth True Wireless OPPO Enco Buds 2 Pro E510A"
951,67e54e8b6293190bc2b97570,"Tai nghe Bluetooth True Wireless Baseus Bowie MZ10"
952,67e54e8b6293190bc2b97571,"Tai nghe Bluetooth True Wireless realme Buds T110"
953,67e54e8b6293190bc2b97572,"Tai nghe Bluetooth True Wireless soundcore K20i"
954,67e54e8c6293190bc2b97573,"Tai nghe Bluetooth True Wireless realme Buds T300"
955,67e54e8c6293190bc2b97574,"Tai nghe Bluetooth Chụp Tai Sony WH-CH720N"
956,67e54e8c6293190bc2b97575,"Tai nghe Bluetooth True Wireless Marshall Minor IV"
957,67e54e8c6293190bc2b97576,"Tai nghe Bluetooth chụp tai Marshall Major V"
958,67e54e8c6293190bc2b97577,"Tai nghe Bluetooth Chụp Tai Zadez GP-803B"
959,67e54e8c6293190bc2b97578,"Tai nghe Bluetooth True Wireless Baseus Bowie E13"
960,67e54e8d6293190bc2b97579,"Tai nghe Bluetooth True Wireless AVA+ FreeGo A20"
961,67e54e8d6293190bc2b9757a,"Tai nghe Bluetooth True Wireless Xiaomi Redmi Buds 5"
962,67e54e8d6293190bc2b9757b,"Tai nghe Bluetooth True Wireless Baseus AirGo AS01 Open-Ear"
963,67e54e8d6293190bc2b9757c,"Tai nghe Bluetooth True Wireless Marshall Motif II A.N.C."
964,67e54e8d6293190bc2b9757d,"Tai nghe Bluetooth True Wireless JBL Live Beam 3"
965,67e54e8e6293190bc2b9757e,"Tai nghe Bluetooth True Wireless Soundpeats Wings2"
966,67e54e8e6293190bc2b9757f,"AirPods Max cổng USB C"
967,67e54e8e6293190bc2b97580,"Tai nghe Bluetooth True Wireless HAVIT TW967"
968,67e54e8e6293190bc2b97581,"Tai nghe Bluetooth True Wireless Baseus Bowie E11"
969,67e54e8e6293190bc2b97582,"Tai nghe Bluetooth True Wireless Baseus AirGo 1 Ring Open-Ear"
970,67e54e8e6293190bc2b97583,"Tai nghe Bluetooth True Wireless Sony WF-C700N"
971,67e54e8f6293190bc2b97584,"Tai nghe Bluetooth True Wireless Havit TW947"
972,67e54e8f6293190bc2b97585,"Tai nghe Bluetooth True Wireless Beats Solo Buds"
973,67e54e8f6293190bc2b97586,"Tai nghe chụp tai soundcore Space One A3035"
974,67e54e8f6293190bc2b97587,"Tai nghe Bluetooth True Wireless Sony WF1000XM5"
975,67e54e8f6293190bc2b97588,"Tai nghe Bluetooth Chụp Tai JBL Tune 670NC"
976,67e54e8f6293190bc2b97589,"Tai nghe Bluetooth True Wireless Havit TW980"
977,67e54e906293190bc2b9758a,"Tai nghe Bluetooth True Wireless Soundpeats Free 2 Classic"
978,67e54e906293190bc2b9758b,"Tai nghe Bluetooth True Wireless Xiaomi Redmi Buds 5 Pro"
979,67e54e906293190bc2b9758c,"Tai nghe Bluetooth Thể thao Soundpeats RunFree Lite 2"
980,67e54e906293190bc2b9758d,"Tai nghe Chụp Tai Baseus Bowie 30 Max"
981,67e54e906293190bc2b9758e,"Tai nghe Bluetooth Open - Ear True Wireless Soundpeats GoFree 2"
982,67e54e906293190bc2b9758f,"AirPods 3"
983,67e54e906293190bc2b97590,"Tai nghe Bluetooth Chụp Tai Sony WH1000XM5"
984,67e54e916293190bc2b97591,"Tai nghe Bluetooth Chụp Tai JBL Live 670NC"
985,67e54e916293190bc2b97592,"Tai nghe Bluetooth True Wireless Shokz OPENFIT T910"
986,67e54e916293190bc2b97593,"Tai nghe Bluetooth True Wireless JBL Wave Beam"
987,67e54e926293190bc2b97594,"Tai nghe Bluetooth Open-Ear TWS Baseus Eli Sport 1"
988,67e54e926293190bc2b97595,"Tai Nghe Bluetooth Chụp Tai Beats Solo 4"
989,67e54e926293190bc2b97596,"Tai nghe Bluetooth True Wireless Soundpeats Clear-Pods"
990,67e54e926293190bc2b97597,"Tai nghe Bluetooth True Wireless AVA+ DS206"
991,67e54e926293190bc2b97598,"Tai nghe Bluetooth True Wireless Soundpeats Capsule 3 Pro"
992,67e54e926293190bc2b97599,"Tai nghe Bluetooth True Wireless Sounarc Q1 Earbuds"
993,67e54e936293190bc2b9759a,"Tai nghe Bluetooth Open-Ear True Wireless Soundpeats Hearfit"
994,67e54e936293190bc2b9759b,"Tai nghe Bluetooth True Wireless Gaming Havit TW970"
995,67e54e936293190bc2b9759c,"Tai nghe Bluetooth dẫn khí truyền âm Soul Open-Ear Plus"
996,67e54e936293190bc2b9759d,"Tai nghe Bluetooth Chụp Tai JBL LIVE 770NC"
997,67e54e936293190bc2b9759e,"Tai nghe Bluetooth True Wireless Gaming Asus Rog Cetra"
998,67e54e946293190bc2b9759f,"Tai nghe Bluetooth True Wireless Gaming Asus Rog Cetra Trắng"
999,67e54e946293190bc2b975a0,"Tai nghe Bluetooth True Wireless Monster MH22163 N-Lite 203 AirLinks"
1000,67e54e946293190bc2b975a1,"Tai nghe Bluetooth truyền xương Shokz OPENRUN S803"
1001,67e54e946293190bc2b975a2,"Tai nghe Bluetooth truyền xương Shokz OPENRUN PRO S810"
1002,67e54e946293190bc2b975a3,"Tai nghe Bluetooth TWS Shokz OPENFIT AIR T511"
1003,67e54e956293190bc2b975a4,"Tai nghe Bluetooth True Wireless Xiaomi Buds 5 Pro BT"
1004,67e54e956293190bc2b975a5,"Tai nghe Bluetooth True Wireless Denon Perl AHC10PLBKEM"
1005,67e54e956293190bc2b975a6,"Tai nghe Bluetooth chụp tai Marshall Monitor II A.N.C."
1006,67e54e956293190bc2b975a7,"Tai nghe Bluetooth Chụp tai Sony WH-ULT900N"
1007,67e54e956293190bc2b975a8,"Tai nghe Bluetooth thể thao Sony Float Run WI-OE610"
1008,67e54e956293190bc2b975a9,"Tai nghe Bluetooth truyền xương Shokz OPENSWIM PRO S710"
1009,67e54e956293190bc2b975aa,"Tai nghe Bluetooth True Wireless Mozard TS11 mini"
1010,67e54e966293190bc2b975ab,"Tai nghe Bluetooth Chụp Tai JBL Tour One M2"
1011,67e54e966293190bc2b975ac,"Tai nghe Bluetooth True Wireless Denon Perl Pro AHC15PLBKEM"
1012,67e54e966293190bc2b975ad,"Tai nghe Bluetooth Chụp Tai Gaming Sony INZONE H9 WH-G900N"
1013,67e54e966293190bc2b975ae,"Tai nghe Bluetooth truyền âm thanh qua không khí Havit Hakii Light"
1014,67e54e966293190bc2b975af,"Tai nghe Bluetooth True Wireless Xiaomi Buds 5 Pro WiFi"
